index,usdjpy_close_log_d1
2014-01-02,-0.004476411113209622
2014-01-03,0.0005725737345088078
2014-01-06,-0.005836499369683779
2014-01-07,0.003735457626486749
2014-01-08,0.0021964388336588314
2014-01-09,-9.539709046180178e-05
2014-01-10,-0.006700513247655415
2014-01-13,-0.01100928550836855
2014-01-14,0.011777334701270625
2014-01-15,0.003353296555376417
2014-01-16,-0.0020106282803959985
2014-01-17,-0.00047931746112528373
2014-01-20,-0.0012473016728620223
2014-01-21,0.0013431835464672304
2014-01-22,0.0020113985996852435
2014-01-23,-0.012129528765269626
2014-01-24,-0.009439081418156192
2014-01-27,0.002538815932568106
2014-01-28,0.003990467118244467
2014-01-29,-0.006529283050812573
2014-01-30,0.004097966511526607
2014-01-31,-0.006545229247299389
2014-02-01,0.0
2014-02-03,-0.010443444670984015
2014-02-04,0.006613715435733525
2014-02-05,-0.002068253064058112
2014-02-06,0.006387914208574763
2014-02-07,0.0024460655021840694
2014-02-10,-0.0008798944694392574
2014-02-11,0.0038072970283984375
2014-02-12,-0.0010723861617520924
2014-02-13,-0.0036155802322399566
2014-02-14,-0.003726956059790787
2014-02-17,0.0014728266200130236
2014-02-18,0.004210120283445917
2014-02-19,-0.0003908922164503892
2014-02-20,-0.0004888302389955967
2014-02-21,0.0025393118440177886
2014-02-24,-0.00048782868424446235
2014-02-25,-0.0024427194714924383
2014-02-26,0.001270958767165098
2014-02-27,-0.002347648539852365
2014-02-28,-0.0030405594510245493
2014-03-01,0.0
2014-03-03,-0.003641198728517203
2014-03-04,0.007562772381699112
2014-03-05,0.0009779951879771431
2014-03-06,0.0074016699424968024
2014-03-07,0.0018418889410645178
2014-03-10,0.0
2014-03-11,-0.0024242436115065047
2014-03-12,-0.0024301348532915767
2014-03-13,-0.008994097192770667
2014-03-14,-0.004823556135810314
2014-03-17,0.0041358995440488044
2014-03-18,-0.0033467892249392506
2014-03-19,0.008932574731790766
2014-03-20,0.0004884959307736025
2014-03-21,-0.001466204260514914
2014-03-24,0.0
2014-03-25,0.0002934128829306104
2014-03-26,-0.0022517019646395298
2014-03-27,0.001273324037070367
2014-03-28,0.006147860300546704
2014-03-31,0.0038838771027922547
2014-04-01,0.004351406566286187
2014-04-02,0.0020241946282126833
2014-04-03,0.0005775895424333655
2014-04-04,-0.006081393326168083
2014-04-07,-0.0018413534300938394
2014-04-08,-0.012690525644044826
2014-04-09,0.001766784911886532
2014-04-10,-0.00461985389429298
2014-04-11,0.000886306621612043
2014-04-14,0.0022614433707364157
2014-04-15,0.0008835223664123149
2014-04-16,0.0030372824995312797
2014-04-17,0.0015640276893034155
2014-04-18,9.767055728815421e-05
2014-04-21,0.002146342287391967
2014-04-22,-9.746113744846241e-05
2014-04-23,-0.0006824940546685809
2014-04-24,-0.0022457657244192575
2014-04-25,-0.0014673516939502917
2014-04-28,0.003225336324848449
2014-04-29,0.0012677362856381436
2014-04-30,-0.003612403244892981
2014-05-01,0.0007821666413629913
2014-05-02,-0.0013691933679353951
2014-05-05,-0.0004894523126441896
2014-05-06,-0.0045142373029376515
2014-05-07,0.0022596659416089793
2014-05-08,-0.002456400154323468
2014-05-09,0.0019656025984593484
2014-05-12,0.002549520894631563
2014-05-13,0.001370131355464821
2014-05-14,-0.0037233043209363714
2014-05-15,-0.0030477337654977177
2014-05-16,-0.0006894853757506425
2014-05-19,0.0
2014-05-20,-0.0017751483951409242
2014-05-21,0.0003947498324237131
2014-05-22,0.003644067655909744
2014-05-23,0.0023566389539952937
2014-05-26,-0.0001961745960183947
2014-05-27,0.00029424746423867276
2014-05-28,-0.0013738961925611193
2014-05-29,-0.0003928887193254127
2014-05-30,-9.824630356192188e-05
2014-06-01,0.0
2014-06-02,0.005682390130901993
2014-06-03,0.001171646296890927
2014-06-04,0.002436529639693319
2014-06-05,-0.0034128061987352964
2014-06-06,0.0008786917821890228
2014-06-09,0.00048782868424446235
2014-06-10,-0.0016595893885718027
2014-06-11,-0.002837436471473609
2014-06-12,-0.0035335725813112617
2014-06-13,0.0034355862013395466
2014-06-16,-0.0021581330722799663
2014-06-17,0.003039665035924344
2014-06-18,-0.002254350378895431
2014-06-19,0.0
2014-06-20,0.0014708047952227687
2014-06-23,-0.0012745724555038862
2014-06-24,0.00039234919581332406
2014-06-25,-0.00107933091967638
2014-06-26,-0.0012770766508012343
2014-06-27,-0.0036437087927732037
2014-06-30,-0.0005921247582465483
2014-07-01,0.0021694121514945763
2014-07-02,0.0024595417977080203
2014-07-03,0.004020598698811995
2014-07-04,-0.0007832387320325651
2014-07-07,-0.002746176696429181
2014-07-08,-0.002458332522780715
2014-07-09,0.0004921502141765899
2014-07-10,-0.003055243100000382
2014-07-11,0.0004934129472982107
2014-07-14,0.0016757853002475898
2014-07-15,0.0014763055680671044
2014-07-16,-9.83525941284924e-05
2014-07-17,-0.005127710673315633
2014-07-18,0.0016792615197198657
2014-07-21,0.0006906418310137497
2014-07-22,0.0006901651740554016
2014-07-23,9.855615244802607e-05
2014-07-24,0.003345142828113268
2014-07-25,9.821735508541707e-05
2014-07-28,0.00029459419862476466
2014-07-29,0.002549520894631563
2014-07-30,0.006540117996636674
2014-07-31,9.729046074724579e-05
2014-08-01,-0.0017526781507131162
2014-08-04,-0.0002924119129952274
2014-08-05,9.748013849897319e-05
2014-08-06,-0.0048856849186966755
2014-08-07,0.0
2014-08-08,-0.0004898839073135264
2014-08-10,0.0
2014-08-11,0.0013710706290410712
2014-08-12,0.0006848310202594021
2014-08-13,0.001563569164434675
2014-08-14,0.0001952743610971197
2014-08-15,-0.000879035071497114
2014-08-18,0.0021473897954136234
2014-08-19,0.0032124632153589516
2014-08-20,0.008130913056017874
2014-08-21,0.000867260955346616
2014-08-22,0.0009627419632609602
2014-08-25,0.0010579467204596682
2014-08-26,0.00019223375683985466
2014-08-27,-0.0019240025175220055
2014-08-28,-0.001445435086639968
2014-08-29,0.0033694376041619734
2014-09-01,0.0028790806835656824
2014-09-02,0.006876161177474138
2014-09-03,-0.0026684472138329696
2014-09-04,0.004475132438782836
2014-09-05,-0.0017115151082940372
2014-09-08,0.008905790742320896
2014-09-09,0.0015080115958649998
2014-09-10,0.006009407756098817
2014-09-11,0.002617802542078884
2014-09-12,0.002052048103720061
2014-09-15,-0.001491980881015209
2014-09-16,-0.0003733432934902581
2014-09-17,0.011601596551986226
2014-09-18,0.0029484956401919504
2014-09-19,0.0029398275651715267
2014-09-22,-0.0015607072252219467
2014-09-23,0.00036744442816516454
2014-09-24,0.0011932627970567822
2014-09-25,-0.0024799094224929874
2014-09-26,0.004862171864879805
2014-09-29,0.0017373021331179572
2014-09-30,0.0016430857188129977
2014-10-01,-0.0070477615414965555
2014-10-02,-0.004234174219887699
2014-10-03,0.012284716282080055
2014-10-06,-0.008877557960466298
2014-10-07,-0.007011098830069784
2014-10-08,0.0005552984871988187
2014-10-09,-0.002315780757962571
2014-10-10,-0.0016706890836086785
2014-10-13,-0.007646437852575794
2014-10-14,0.0019638104221222363
2014-10-15,-0.010707343772557998
2014-10-16,0.0039581617976294226
2014-10-17,0.0051597281318152
2014-10-20,0.0006547869837802978
2014-10-21,0.00028049179745348596
2014-10-22,0.0015879691347748803
2014-10-23,0.010306976429784953
2014-10-24,-0.0010166829287401313
2014-10-27,-0.0030562654028321035
2014-10-28,0.0030562654028321035
2014-10-29,0.006819674389351604
2014-10-30,0.0029347049675942927
2014-10-31,0.027992798433593258
2014-11-01,0.0
2014-11-03,0.015287709924868942
2014-11-04,-0.0039541372199805025
2014-11-05,0.009202115677632072
2014-11-06,0.004960198134872584
2014-11-07,-0.00583295085216573
2014-11-10,0.002790131725482148
2014-11-11,0.00797853508252988
2014-11-12,-0.0025947082538726463
2014-11-13,0.0022491358962213326
2014-11-14,0.004655180820530624
2014-11-17,0.0031771955798314266
2014-11-18,0.001884368865942676
2014-11-19,0.009453717727460287
2014-11-20,0.0019477501182469936
2014-11-21,-0.0033898337545119617
2014-11-24,0.0038973191751976444
2014-11-25,-0.0024552355389326763
2014-11-26,-0.0021214314884785423
2014-11-27,-0.0003398470720901159
2014-11-28,0.007871723748001713
2014-12-01,-0.0018565406176396237
2014-12-02,0.0067345990710725445
2014-12-03,0.0048543784647980814
2014-12-04,8.348987690087739e-05
2014-12-05,0.013516520719567993
2014-12-08,-0.006113700470374184
2014-12-09,-0.008154480200230907
2014-12-10,-0.01583190962725123
2014-12-11,0.00710482562374537
2014-12-12,0.0010108669043757956
2014-12-15,-0.008200578568662742
2014-12-16,-0.012041650263601156
2014-12-17,0.0191470768757922
2014-12-18,0.0015160450979179174
2014-12-19,0.00562294293406751
2014-12-22,0.004675636805600014
2014-12-23,0.0051512244182472244
2014-12-24,-0.00157578303392647
2014-12-25,-0.003325576726377122
2014-12-26,0.002578285621728682
2014-12-29,0.002157319124106216
2014-12-30,-0.009912204766881594
2014-12-31,0.0018399269220079617
2015-01-01,0.0007517227332476395
2015-01-02,0.00599352497576966
2015-01-05,-0.007163115752371496
2015-01-06,-0.01041938675926879
2015-01-07,0.007237870344906305
2015-01-08,0.0033486845859318493
2015-01-09,-0.00965785377919648
2015-01-12,-0.0015201421726418474
2015-01-13,-0.003386389961518077
2015-01-14,-0.0051011843317763095
2015-01-15,-0.009936693032764232
2015-01-16,0.012405514786459904
2015-01-19,-0.0005102908768668257
2015-01-20,0.01049345331536955
2015-01-21,-0.007266000199569689
2015-01-22,0.00465294185766485
2015-01-23,-0.006265366359428093
2015-01-26,0.006012127004678902
2015-01-27,-0.005078301222654069
2015-01-28,-0.0027190092373770014
2015-01-29,0.0061919702479205085
2015-01-30,-0.00695802552647784
2015-02-01,0.0
2015-02-02,0.0011913881079026467
2015-02-03,-0.00025517798802976444
2015-02-04,-0.0024700834500093194
2015-02-05,0.002129744809780121
2015-02-06,0.012263865806049878
2015-02-09,-0.002777896478887598
2015-02-10,0.006553543872281686
2015-02-11,0.008671779515586842
2015-02-12,-0.011271252699626366
2015-02-13,-0.003195696942183801
2015-02-16,-0.002192428570251259
2015-02-17,0.006395174942961823
2015-02-18,-0.0036974832040668204
2015-02-19,0.0013461216907337814
2015-02-20,0.0005883589159010327
2015-02-23,-0.0016819447241527286
2015-02-24,0.0013457820182383173
2015-02-25,-0.001093309894027783
2015-02-26,0.004784898950886962
2015-02-27,0.0008371003334959326
2015-03-01,0.0
2015-03-02,0.005091193236339997
2015-03-03,-0.003335560130631521
2015-03-04,-0.0005848686301153094
2015-03-05,0.004003675378901228
2015-03-06,0.00581010930593262
2015-03-09,0.0026448482233183412
2015-03-10,-0.0001650982338237128
2015-03-11,0.0025559646186090745
2015-03-12,-0.001318391753258652
2015-03-13,0.0008241985136479002
2015-03-16,-0.0004944375873288109
2015-03-17,0.00024724935222941724
2015-03-18,-0.010437470500018087
2015-03-19,0.005729247207162835
2015-03-20,-0.0062289973425011524
2015-03-23,-0.0025025038085013662
2015-03-24,-8.352474425432632e-05
2015-03-25,-0.0020066896365884546
2015-03-26,-0.0025140380290764597
2015-03-27,-0.0006714789575790192
2015-03-30,0.008028141462443017
2015-03-31,0.0004996252914324373
2015-04-01,-0.003085006824104397
2015-04-02,-0.00041762372709719386
2015-04-03,-0.006201310412028427
2015-04-06,0.004696419232607774
2015-04-07,0.006172344226915705
2015-04-08,-0.0011648224962934606
2015-04-09,0.003739254014090143
2015-04-10,-0.002990283813057104
2015-04-12,0.0
2015-04-13,-0.0009154842302248056
2015-04-14,-0.006180592630486537
2015-04-15,-0.0019288026441817152
2015-04-16,-0.0011758778442070295
2015-04-17,-0.0007566522703257306
2015-04-20,0.0023521516220963434
2015-04-21,0.00401943264305249
2015-04-22,0.0020036740715827506
2015-04-23,-0.0028397246177309654
2015-04-24,-0.0049469769273029485
2015-04-27,0.0005042016913536784
2015-04-28,-0.0015975115853814614
2015-04-29,0.001513495622299743
2015-04-30,0.0026850158772298016
2015-05-01,0.006847625921888145
2015-05-04,-0.0004994589298865648
2015-05-05,-0.0023341124301587968
2015-05-06,-0.0032601909754435
2015-05-07,0.002508782048416869
2015-05-08,0.0005010020144871064
2015-05-11,0.0023346962993873177
2015-05-12,-0.0018339451622333414
2015-05-13,-0.0059416886798517865
2015-05-14,-8.393838927212016e-05
2015-05-15,0.0011744967793081429
2015-05-18,0.005935231634369487
2015-05-19,0.005900212404859495
2015-05-20,0.005371247884345287
2015-05-21,-0.002640701319976735
2015-05-22,0.004205324688533629
2015-05-25,0.00016455487942401703
2015-05-26,0.012508849691708512
2015-05-27,0.004620443513584149
2015-05-28,0.0023425835665360495
2015-05-29,0.0013706916074687214
2015-06-01,0.005223622598172106
2015-06-02,-0.005465372871318763
2015-06-03,0.0012886599721477765
2015-06-04,0.0009654063501214338
2015-06-05,0.010001283508608516
2015-06-08,-0.009117145686275308
2015-06-09,-0.0012058363935487648
2015-06-10,-0.01352411591483893
2015-06-11,0.006015300205944207
2015-06-12,-0.0001621008270689117
2015-06-15,0.00032417538171891636
2015-06-16,-0.0005673759017454927
2015-06-17,0.0005673759017454927
2015-06-18,-0.003734376802890793
2015-06-19,-0.002442997957703419
2015-06-22,0.005772139110520769
2015-06-23,0.004690667718942443
2015-06-24,-0.0008071676925442972
2015-06-25,-0.0019398648178263755
2015-06-26,0.0020206109117779647
2015-06-29,-0.010715257974013959
2015-06-30,-0.0003265039617605936
2015-07-01,0.005373730566953228
2015-07-02,-0.0008936188092132369
2015-07-03,-0.001952490044292432
2015-07-06,-0.0020379057389199318
2015-07-07,-0.00016321201276703334
2015-07-08,-0.015047769857869042
2015-07-09,0.005205977960295982
2015-07-10,0.01155419089716947
2015-07-13,0.00552487593196993
2015-07-14,-0.0005673299175557034
2015-07-15,0.0033183632894449033
2015-07-16,0.0030657547206960345
2015-07-17,-0.0005640385307259521
2015-07-20,0.001449742521957731
2015-07-21,-0.0030630364106292163
2015-07-22,0.0005649489678525299
2015-07-23,-0.00040350240631426004
2015-07-24,-0.0008074935839283981
2015-07-27,-0.004615205957294144
2015-07-28,0.002674556848194065
2015-07-29,0.0029902636739942423
2015-07-30,0.0017737648768934022
2015-07-31,-0.0017737648768934022
2015-08-01,0.0
2015-08-03,0.0007260114060683165
2015-08-04,0.0029791881610616855
2015-08-05,0.0040118805314337536
2015-08-06,-0.001201875069559044
2015-08-07,-0.004177719581515582
2015-08-10,0.0032151783986744675
2015-08-11,0.003924557518089067
2015-08-12,-0.007220247973487304
2015-08-13,0.0016893934270214572
2015-08-14,-0.0008845644097341676
2015-08-17,0.0006433971590773524
2015-08-18,8.039554613059607e-05
2015-08-19,-0.004915994910658306
2015-08-20,-0.0032367725297230976
2015-08-21,-0.011166015194249646
2015-08-24,-0.030118749163698055
2015-08-25,0.003962070514970328
2015-08-26,0.008711732094953462
2015-08-27,0.009380386717044331
2015-08-28,0.0055205512429692405
2015-08-31,-0.0039519234703426775
2015-09-01,-0.015462940067688002
2015-09-02,0.008010723746078696
2015-09-03,-0.0021632423778328302
2015-09-04,-0.00895216185663461
2015-09-07,0.0023503746235151723
2015-09-08,0.004266896245738394
2015-09-09,0.005827037215267339
2015-09-10,0.0009125980639179687
2015-09-11,-0.00033175748832103835
2015-09-14,-0.0027412070161645374
2015-09-15,0.0016622344252859023
2015-09-16,0.0010789725908786352
2015-09-17,-0.004739542402233177
2015-09-18,0.0
2015-09-21,0.004573622375304787
2015-09-22,-0.0034074414851223978
2015-09-23,0.0013311150051986687
2015-09-24,-0.001830740296631106
2015-09-25,0.004072986803483225
2015-09-28,-0.005323143235838046
2015-09-29,-0.0016693101280633726
2015-09-30,0.0010853685056302353
2015-10-01,0.000667334025433064
2015-10-02,-0.0002501980747799948
2015-10-05,0.004660073341318238
2015-10-06,-0.0018281540740625601
2015-10-07,-0.0019148322047719546
2015-10-08,-0.0007502813907036554
2015-10-09,0.002831447594528136
2015-10-12,-0.001914513424503106
2015-10-13,-0.0024191878326149663
2015-10-14,-0.007629464801157226
2015-10-15,0.0004207160649380981
2015-10-16,0.0046162321263132355
2015-10-19,0.0005023022290631118
2015-10-20,0.002841623307869412
2015-10-21,0.0009176225878508859
2015-10-22,0.006068433768986026
2015-10-23,0.00652598243556568
2015-10-26,-0.003133764728532995
2015-10-27,-0.005134161658768122
2015-10-28,0.005051561402661164
2015-10-29,0.0004954992255967738
2015-10-30,-0.00421959009398698
2015-11-01,0.0
2015-11-02,0.0011600929375310542
2015-11-03,0.0024813908513854344
2015-11-04,0.003957462498640929
2015-11-05,0.001726477183069619
2015-11-06,0.011353084739001318
2015-11-09,0.00032480714861371496
2015-11-10,-0.00040602542276957365
2015-11-11,-0.0024396206293708644
2015-11-12,-0.00187441479434991
2015-11-13,0.0002446882276387896
2015-11-16,0.004312982232005602
2015-11-17,0.002271069189290209
2015-11-18,0.0014572541438937492
2015-11-19,-0.006167348932542893
2015-11-20,0.0003255473293171107
2015-11-23,-0.0005697773952526575
2015-11-24,-0.0025272095951738294
2015-11-25,0.0015496924107862853
2015-11-26,-0.000815328214754274
2015-11-27,0.001792845399141818
2015-11-30,0.0021146815525883156
2015-12-01,-0.0018704514866527688
2015-12-02,0.0031695747612783265
2015-12-03,-0.005288219621563783
2015-12-04,0.004638868949396802
2015-12-07,0.001703647027073707
2015-12-08,-0.0038169535113841135
2015-12-09,-0.01211540686970114
2015-12-10,0.0013168726182879453
2015-12-11,-0.00593963138716358
2015-12-14,0.001322970260762446
2015-12-15,0.0051922480353567835
2015-12-16,0.004510977507963254
2015-12-17,0.0028600632366266865
2015-12-18,-0.011077036338908108
2015-12-21,-0.0004126263726789148
2015-12-22,-0.0008257638784670007
2015-12-23,-0.001157216197912092
2015-12-24,-0.004060835149854114
2015-12-25,-0.00016609916158127902
2015-12-28,-0.0001661267550954193
2015-12-29,0.0006643414959501825
2015-12-30,0.0002490143196096639
2015-12-31,-0.001578138954551278
2016-01-01,0.0
2016-01-04,-0.00734193186178711
2016-01-05,-0.0031031181859741963
2016-01-06,-0.004968222084053231
2016-01-07,-0.006776241412508988
2016-01-08,-0.0018715445701040778
2016-01-11,0.0026361680303210733
2016-01-12,-0.00110464386471687
2016-01-13,0.0003400204044998745
2016-01-14,0.0032244406384291935
2016-01-15,-0.008422356137819165
2016-01-18,0.002218809580709191
2016-01-19,0.0026390855141809055
2016-01-20,-0.006054681013082153
2016-01-21,0.006564668274454455
2016-01-22,0.009219773492966432
2016-01-25,-0.004134154801872292
2016-01-26,0.0010984833585885312
2016-01-27,0.0021090824876317527
2016-01-28,0.001263317639699224
2016-01-29,0.018512870280316562
2016-02-01,-0.0004958677787554322
2016-02-02,-0.008550963231393816
2016-02-03,-0.017324459870869724
2016-02-04,-0.009717918093848255
2016-02-05,0.0012840818440338353
2016-02-08,-0.009023392982272505
2016-02-09,-0.006408612909569733
2016-02-10,-0.01558564076552127
2016-02-11,-0.008062773488609842
2016-02-12,0.007003264295376788
2016-02-15,0.012029824136451595
2016-02-16,-0.004461364177140936
2016-02-17,0.0001753309375924772
2016-02-18,-0.007478808340037446
2016-02-19,-0.006112434320815652
2016-02-22,0.0032823271872981508
2016-02-23,-0.00719971111431672
2016-02-24,0.0006242475790179114
2016-02-25,0.0071952342399841385
2016-02-26,0.00889991335157081
2016-02-29,-0.011736291782119324
2016-03-01,0.011648560940286323
2016-03-02,-0.0046607831810030476
2016-03-03,0.0019373024727684651
2016-03-04,0.0007035441324401148
2016-03-07,-0.002817151260107842
2016-03-08,-0.0072553848620176
2016-03-09,0.0061969036835414215
2016-03-10,-0.001147953678097835
2016-03-11,0.005463049977852741
2016-03-14,8.786960156825785e-05
2016-03-15,-0.005639278315948459
2016-03-16,-0.0053158626111375895
2016-03-17,-0.01071725896170328
2016-03-18,0.001614929473531923
2016-03-21,0.003400755022634705
2016-03-22,0.003834326334867022
2016-03-23,-8.90036047049847e-05
2016-03-24,0.004794894642117242
2016-03-25,0.0013278451028169158
2016-03-28,0.00344416819467952
2016-03-29,-0.006633963562779677
2016-03-30,-0.0023100854342432697
2016-03-31,0.0012445552322049025
2016-04-01,-0.008117434519967048
2016-04-04,-0.003049876781031635
2016-04-05,-0.009024517523844366
2016-04-06,-0.004816220859547471
2016-04-07,-0.014496996709361554
2016-04-08,-0.0015724000834875795
2016-04-11,-0.0009260974916385223
2016-04-12,0.005543763620668329
2016-04-13,0.007344198988469941
2016-04-14,0.00036579790074053875
2016-04-15,-0.005868884337475677
2016-04-18,0.0007354969532622491
2016-04-19,0.003303058329257702
2016-04-20,0.006027415508076395
2016-04-21,-0.0035572619260149096
2016-04-22,0.02115619996731244
2016-04-25,-0.005292204126394751
2016-04-26,0.0009888085663414259
2016-04-27,0.0013468015503788067
2016-04-28,-0.03070436617993444
2016-04-29,-0.01613615200569729
2016-05-01,0.0
2016-05-02,0.000470035261297852
2016-05-03,0.001784121793501292
2016-05-04,0.0038391357608604793
2016-05-05,0.002240478905852328
2016-05-06,-0.0013063359140552677
2016-05-09,0.01123450839394291
2016-05-10,0.008641348128053394
2016-05-11,-0.007718498302498489
2016-05-12,0.0055192854670664815
2016-05-13,-0.0037682136404324496
2016-05-16,0.0037682136404324496
2016-05-17,0.0010085729548849898
2016-05-18,0.00966719794941806
2016-05-19,-0.0020896750438001988
2016-05-20,0.0017265668335655349
2016-05-23,-0.008388087110327902
2016-05-24,0.0069343343556607095
2016-05-25,0.0018168609649018563
2016-05-26,-0.003910340089289477
2016-05-27,0.004273316499808999
2016-05-30,0.008042333140827473
2016-05-31,-0.0038775466771916456
2016-06-01,-0.01053597393853245
2016-06-02,-0.006136393299637
2016-06-03,-0.0217319102254816
2016-06-06,0.009716978258664355
2016-06-07,-0.0020476552203056997
2016-06-08,-0.0033597791753940953
2016-06-09,0.0010277973341130675
2016-06-10,-0.0011212858584643826
2016-06-13,-0.0068483780017656315
2016-06-14,-0.001224509171985133
2016-06-15,-0.000942951507870049
2016-06-16,-0.01674316129547737
2016-06-17,-0.0013439571956661567
2016-06-20,-0.0017306032585793218
2016-06-21,0.007764237422710707
2016-06-22,-0.0032517243648477745
2016-06-23,0.016530872353524018
2016-06-24,-0.037830932149613083
2016-06-27,-0.00195905636169158
2016-06-28,0.007326755776695393
2016-06-29,0.0006810995155053234
2016-06-30,0.004270607286515293
2016-07-01,-0.007192877045832269
2016-07-04,0.00039012972307972404
2016-07-05,-0.008323181463875784
2016-07-06,-0.0038421799889283292
2016-07-07,-0.005542922238793047
2016-07-08,-0.0021860104094635346
2016-07-10,0.0
2016-07-11,0.022231881607501336
2016-07-12,0.018315530306432848
2016-07-13,-0.002007936803142485
2016-07-14,0.008007669099987957
2016-07-15,-0.004663344163627237
2016-07-18,0.012513197684783428
2016-07-19,-0.00037689626376646856
2016-07-20,0.0066688830261254495
2016-07-21,-0.009594655487425108
2016-07-22,0.0024544522847849137
2016-07-25,-0.0028325956056072243
2016-07-26,-0.010646488394487896
2016-07-27,0.007141867236956756
2016-07-28,-0.0014242987737533852
2016-07-29,-0.030780566916238428
2016-08-01,0.0032284917735836416
2016-08-02,-0.014759689372772833
2016-08-03,0.003364674129267442
2016-08-04,-0.00019760893256659529
2016-08-05,0.005911347263056754
2016-08-08,0.006169534332021165
2016-08-09,-0.005285838462249615
2016-08-10,-0.0061035826419999495
2016-08-11,0.006692279676270729
2016-08-12,-0.006494807321758778
2016-08-15,-0.0004937540217824221
2016-08-16,-0.009527662386830116
2016-08-17,-0.00039896270228023667
2016-08-18,-0.003697970332769529
2016-08-19,0.0032988483957208103
2016-08-22,0.0011968882338466713
2016-08-23,-0.0008975318478361416
2016-08-24,0.001993422368473219
2016-08-25,0.0007962576314008984
2016-08-26,0.012949323437541516
2016-08-29,0.0007853917544888844
2016-08-30,0.010251493245119647
2016-08-31,0.00455493349427627
2016-09-01,-0.0018388584905766336
2016-09-02,0.007142887512380014
2016-09-05,-0.00530402902180338
2016-09-06,-0.014021651341065144
2016-09-07,-0.002651088989504835
2016-09-08,0.007542030950974166
2016-09-09,0.0019496984144602436
2016-09-12,-0.00821440175378818
2016-09-13,0.006752484432849037
2016-09-14,-0.0012687260765931185
2016-09-15,-0.003031935424482768
2016-09-16,0.001859373242061757
2016-09-19,-0.003525958599133183
2016-09-20,-0.0022592220208066394
2016-09-21,-0.013862980702929129
2016-09-22,0.00437768085447221
2016-09-23,0.0024788074761801226
2016-09-26,-0.006557400546158831
2016-09-27,0.0010958905206370773
2016-09-28,0.0021881846805529293
2016-09-29,0.0035703697552920133
2016-09-30,0.0031629956191334685
2016-10-01,0.0
2016-10-03,0.002759438037563733
2016-10-04,0.012421304991518944
2016-10-05,0.005911729190772874
2016-10-06,0.004242605920248721
2016-10-07,-0.009959952760326907
2016-10-10,0.00658661815574213
2016-10-11,-0.0007726482903223086
2016-10-12,0.006548559611622373
2016-10-13,-0.004810939713081552
2016-10-14,0.004810939713081552
2016-10-17,-0.002787525234605681
2016-10-18,-0.00038509676031850404
2016-10-19,-0.0039558158585197845
2016-10-20,0.00482207511669408
2016-10-21,-0.0013478388485079762
2016-10-24,0.0035582092645691787
2016-10-25,0.00047986948471123725
2016-10-26,0.002300173527084226
2016-10-27,0.007819244568854522
2016-10-28,-0.00561986524574376
2016-10-31,0.001145584850823056
2016-11-01,-0.006605107055722037
2016-11-02,-0.008003514107822518
2016-11-03,-0.003102882349882208
2016-11-04,0.0014556749622727239
2016-11-07,0.012815129371642087
2016-11-08,0.00658430738872795
2016-11-09,0.004838948670763621
2016-11-10,0.010919811039538097
2016-11-11,-0.0013115984642126932
2016-11-14,0.016180379035809267
2016-11-15,0.006802747322752545
2016-11-16,-0.0008248934980379374
2016-11-17,0.009309184687118055
2016-11-18,0.007511687431616565
2016-11-21,-0.001082544084068715
2016-11-22,0.0029741809135073183
2016-11-23,0.012342523198386246
2016-11-24,0.006997681240922482
2016-11-25,-0.0020322516382522693
2016-11-28,-0.010134320889918946
2016-11-29,0.003923671878816926
2016-11-30,0.018342665945866976
2016-12-01,-0.003150711515924165
2016-12-02,-0.004744758923405534
2016-12-05,0.002463055432397887
2016-12-06,0.001404741231875839
2016-12-07,-0.0020199365757944676
2016-12-08,0.0022831060145689364
2016-12-09,0.011771509691010706
2016-12-12,-0.00295164725103092
2016-12-13,0.0012164394583669136
2016-12-14,0.016107846442699802
2016-12-15,0.009609326036449595
2016-12-16,-0.0015245196481954437
2016-12-19,-0.007743072083347791
2016-12-20,0.006555725662793499
2016-12-21,-0.0025490709698701153
2016-12-22,-0.0002552648386551226
2016-12-23,-0.0017034328282203859
2016-12-26,-0.0020479570260478752
2016-12-27,0.002729678398849522
2016-12-28,-0.0012786090477394652
2016-12-29,-0.006074365257519254
2016-12-30,0.002913455359893291
2017-01-01,0.0
2017-01-02,0.005461230400784167
2017-01-03,0.0019553672542658163
2017-01-04,-0.00425568775742402
2017-01-05,-0.01633882765542438
2017-01-06,0.013520119831460953
2017-01-09,-0.007728013731412631
2017-01-10,-0.002157311964086972
2017-01-11,-0.003114728249228982
2017-01-12,-0.006084329938674138
2017-01-13,-0.001657868710077004
2017-01-16,-0.002886004889134597
2017-01-17,-0.013756830709641399
2017-01-18,0.017864689477441686
2017-01-19,0.0018299861322361721
2017-01-20,-0.002266191155510633
2017-01-23,-0.01689586127246745
2017-01-24,0.009714816314329688
2017-01-25,-0.00449241010987933
2017-01-26,0.010975131017292306
2017-01-27,0.004704251205232879
2017-01-30,-0.011362765380217077
2017-01-31,-0.008651947675894611
2017-02-01,0.003982129946912494
2017-02-02,-0.0038048092619895613
2017-02-03,-0.0008869180182280445
2017-02-06,-0.00882319346297411
2017-02-07,0.0058907703370545406
2017-02-08,-0.003923322018635211
2017-02-09,0.011459152707337772
2017-02-10,-0.0002650059641853275
2017-02-13,0.00475939555202487
2017-02-14,0.004561811577961095
2017-02-15,-0.0008756567985095387
2017-02-16,-0.008357207206722173
2017-02-17,-0.0030966625055377506
2017-02-20,0.0019475926836092228
2017-02-21,0.005292417751465273
2017-02-22,-0.0035251644859970455
2017-02-23,-0.006199098845909745
2017-02-24,-0.003470526286522002
2017-02-27,0.004358468095883694
2017-02-28,0.0007097862067135807
2017-03-01,0.00847836925384371
2017-03-02,0.0058748908505386055
2017-03-03,-0.0034155132384832143
2017-03-06,-0.0010532784261734207
2017-03-07,0.0007900628071944027
2017-03-08,0.003154023991903898
2017-03-09,0.005147679647930836
2017-03-10,-0.001480514095817398
2017-03-13,0.0011323549835875468
2017-03-14,-0.0012195123462612756
2017-03-15,-0.01210116485751378
2017-03-16,-0.0004412089195771074
2017-03-17,-0.005309746988229946
2017-03-20,-0.001331853692989604
2017-03-21,-0.007491339769984506
2017-03-22,-0.005115559730981545
2017-03-23,-0.0018912961012063079
2017-03-24,0.003599391990046996
2017-03-27,-0.006126697243557189
2017-03-28,0.0042386319490299584
2017-03-29,-0.0008102633799138559
2017-03-30,0.007715810753454733
2017-03-31,-0.004568467658106812
2017-04-01,0.0
2017-04-03,-0.004589434377262336
2017-04-04,-0.0013538519149012274
2017-04-05,-0.0003613369506334507
2017-04-06,0.001083619394457891
2017-04-07,0.0022537760272527407
2017-04-10,-0.0010811785898674486
2017-04-11,-0.012061997236653355
2017-04-12,-0.005489492284771913
2017-04-13,0.0007336757482443446
2017-04-14,-0.0043180736854431245
2017-04-17,0.0025747140660250523
2017-04-18,-0.004510109352423797
2017-04-19,0.004142698675010159
2017-04-20,0.004217094625188267
2017-04-21,-0.002198004365093098
2017-04-24,0.006215174014629454
2017-04-25,0.012045610483317759
2017-04-26,-0.00045022737242383926
2017-04-27,0.001979485980174722
2017-04-28,0.0025136919600958763
2017-05-01,0.002686248033652028
2017-05-02,0.0011618036071556759
2017-05-03,0.006853914409187034
2017-05-04,-0.0024869006511156755
2017-05-05,0.0023094698486625376
2017-05-08,0.004691311989711622
2017-05-09,0.006513534163155477
2017-05-10,0.0025410747517682353
2017-05-11,-0.0037701153770255402
2017-05-12,-0.004490037036739558
2017-05-15,0.0038749498067680577
2017-05-16,-0.005818070008335674
2017-05-17,-0.02063402223010602
2017-05-18,0.006028722088348815
2017-05-19,-0.0018856917543850216
2017-05-22,8.987552246164654e-05
2017-05-23,0.004483508227910882
2017-05-24,-0.00250828761803934
2017-05-25,0.002955534819018446
2017-05-26,-0.004571334093363966
2017-05-29,-0.000629072139370912
2017-05-30,-0.0037827659265605718
2017-05-31,-0.0006318545139585297
2017-06-01,0.0053131738301166465
2017-06-02,-0.008478448912366154
2017-06-05,0.0004527960231310857
2017-06-06,-0.009552039878245822
2017-06-07,0.003558560258760224
2017-06-08,0.0016381510762020213
2017-06-09,0.0032682734493718613
2017-06-12,-0.0037230462981758805
2017-06-13,0.0011819794984315735
2017-06-14,-0.00446246357759339
2017-06-15,0.01224671722177284
2017-06-16,-0.0006313416218723944
2017-06-19,0.006026552982492994
2017-06-20,-0.0008074283846006836
2017-06-21,-0.00044885318766052507
2017-06-22,-0.0004490547473192663
2017-06-23,-0.0005391320105427866
2017-06-26,0.005110056392950035
2017-06-27,0.004550126064189364
2017-06-28,-0.0005342356106048385
2017-06-29,-0.0010693282074019095
2017-06-30,0.0016925753450580672
2017-07-01,0.0
2017-07-03,0.009037807398168951
2017-07-04,-0.0009707453438476676
2017-07-05,-8.829632251572406e-05
2017-07-06,-0.0004415985940608991
2017-07-07,0.005989096640754532
2017-07-10,0.0013163092594297154
2017-07-11,-0.0009651240056012256
2017-07-12,-0.006958847725289985
2017-07-13,0.0012367492742466624
2017-07-14,-0.006821127568147567
2017-07-17,0.0010660981819974324
2017-07-18,-0.0049848776893339775
2017-07-19,-0.0009820990923739004
2017-07-20,-0.0005360972251349239
2017-07-21,-0.007085549174044914
2017-07-24,-9.001305195344145e-05
2017-07-25,0.007086184740128232
2017-07-26,-0.006546227923553971
2017-07-27,0.0006295813492123159
2017-07-28,-0.0051381552623590565
2017-07-31,-0.0036215521701032927
2017-08-01,0.0009066183757902024
2017-08-02,0.0033473591666135505
2017-08-03,-0.00634232442204663
2017-08-04,0.005890632829381737
2017-08-07,0.0005420054333225011
2017-08-08,-0.003890879450559659
2017-08-09,-0.002178254627843934
2017-08-10,-0.007844608320808355
2017-08-11,-0.0004579803148514472
2017-08-14,0.004296756622017561
2017-08-15,0.009442597851992751
2017-08-16,-0.0043470454253933255
2017-08-17,-0.005643047649693145
2017-08-18,-0.0035660441026985623
2017-08-21,-0.0018336853033833478
2017-08-22,0.00539972940608191
2017-08-23,-0.004940992758742269
2017-08-24,0.004758427719440128
2017-08-25,-0.001827485888721725
2017-08-28,-0.0009149968613488824
2017-08-29,0.004566635025325283
2017-08-30,0.004364436824260132
2017-08-31,-0.002361705158044458
2017-09-01,0.0026338510299099838
2017-09-04,-0.0048188482575524105
2017-09-05,-0.008420331647560175
2017-09-06,0.003852862302164972
2017-09-07,-0.007167172093542895
2017-09-08,-0.00564111173648385
2017-09-10,0.0
2017-09-11,0.014363565237718312
2017-09-12,0.007014376288700497
2017-09-13,0.002810136463784474
2017-09-14,-0.0022656224290944493
2017-09-15,0.005609351539687779
2017-09-18,0.006474842764510491
2017-09-19,0.00017925965809428845
2017-09-20,0.0056302932593927935
2017-09-21,0.0022254871872808835
2017-09-22,-0.004366624591950696
2017-09-25,-0.0022352371951290806
2017-09-26,0.004465489245849774
2017-09-27,0.005243757294002727
2017-09-28,-0.004264019963351018
2017-09-29,0.001245551762452557
2017-10-01,0.0
2017-10-02,0.0024864589668576187
2017-10-03,0.0007979077510080756
2017-10-04,-0.0008866034803673983
2017-10-05,0.0006207049634001649
2017-10-06,-0.0015968775572234861
2017-10-09,0.00026632340696242096
2017-10-10,-0.001954687428236568
2017-10-11,0.0003556820240238068
2017-10-12,-0.001868743591666444
2017-10-13,-0.0038374059851884468
2017-10-16,0.0030354455946906
2017-10-17,8.913847668257091e-05
2017-10-18,0.006485740828415132
2017-10-19,-0.0034597506233824404
2017-10-20,0.008582984159551721
2017-10-23,-0.0007050943355757511
2017-10-24,0.004135327700377722
2017-10-25,-0.0014058520899062898
2017-10-26,0.0021080376712907523
2017-10-27,-0.002635742169024624
2017-10-30,-0.004408400720769201
2017-10-31,0.003968434151130573
2017-11-01,0.004653825846824056
2017-11-02,-0.000613416309819037
2017-11-03,-0.0001753309375924772
2017-11-06,-0.0033371419395482604
2017-11-07,0.0028109646056506676
2017-11-08,-0.0012288248715597305
2017-11-09,-0.003519271624514708
2017-11-10,0.0006167672780206246
2017-11-13,0.0007044114053709194
2017-11-14,-0.001497467797995533
2017-11-15,-0.005125950242823585
2017-11-16,0.001682086182984932
2017-11-17,-0.00870652266004246
2017-11-20,0.004895643762536039
2017-11-21,-0.0016885140648037478
2017-11-22,-0.011000423945186633
2017-11-23,8.992401426866081e-05
2017-11-24,0.0028733071756947837
2017-11-27,-0.003952929412814221
2017-11-28,0.003414812807901235
2017-11-29,0.004028833955693756
2017-11-30,0.005346653264430401
2017-12-01,-0.0037396535435423317
2017-12-04,0.002672607381477121
2017-12-05,0.0016001425762892652
2017-12-06,-0.0026683285421986724
2017-12-07,0.007099781331707966
2017-12-08,0.0035310771152605724
2017-12-10,0.0
2017-12-11,0.0006166586109168648
2017-12-12,-0.00017614937512533402
2017-12-13,-0.008847266414536037
2017-12-14,-0.0013338670778537676
2017-12-15,0.0016892646826605073
2017-12-18,-0.00035539760480673976
2017-12-19,0.0031054547826530055
2017-12-20,0.004419701351598526
2017-12-21,-0.0005293339338416914
2017-12-22,-0.0005296142766564316
2017-12-25,-8.829632251572406e-05
2017-12-26,-0.00026493575462982477
2017-12-27,0.0010593221329591174
2017-12-28,-0.004155436773937815
2017-12-29,-0.0017735217914607304
2018-01-01,-0.0002662997663422928
2018-01-02,-0.0032011409160501714
2018-01-03,0.0018685773110522774
2018-01-04,0.002219953848694445
2018-01-05,0.002834368593716441
2018-01-08,0.000176881578244803
2018-01-09,-0.0038986404156577947
2018-01-10,-0.010890047817062154
2018-01-11,-0.0016168152269058211
2018-01-12,-0.0018895942995893478
2018-01-14,0.0
2018-01-15,-0.004603935010958793
2018-01-16,-0.0007241129932618051
2018-01-17,0.00757716055323332
2018-01-18,-0.0017088640215563444
2018-01-19,-0.002974985290870258
2018-01-22,0.0013533633138891332
2018-01-23,-0.00560580129859467
2018-01-24,-0.009840626108418071
2018-01-25,0.0016468439220620468
2018-01-26,-0.006327684004535428
2018-01-29,0.0022972672634651303
2018-01-30,-0.0017454416263591455
2018-01-31,0.003762680527908735
2018-02-01,0.002013177839520708
2018-02-02,0.00637873495061303
2018-02-05,-0.00912498347264723
2018-02-06,0.004207836431810108
2018-02-07,-0.0021931837357307415
2018-02-08,-0.0052281705879702045
2018-02-09,0.0003677822770402628
2018-02-12,-0.0012878301844283513
2018-02-13,-0.007576493786863203
2018-02-14,-0.007634335561617078
2018-02-15,-0.008352542576407274
2018-02-16,0.0017889934624033543
2018-02-19,0.00272441335314344
2018-02-20,0.006732143237990762
2018-02-21,0.0041846901630728794
2018-02-22,-0.00951056119631044
2018-02-23,0.0013107388825366328
2018-02-26,0.0003741814823827738
2018-02-27,0.0036409506683181547
2018-02-28,-0.005981885301644674
2018-03-01,-0.004133401845469287
2018-03-02,-0.004717880047486744
2018-03-05,0.004341267671319038
2018-03-06,-0.0007536505302558894
2018-03-07,-0.00047132017651474456
2018-03-08,0.0013191370988545614
2018-03-09,0.0053528793823725
2018-03-12,-0.003377430736570375
2018-03-13,0.00140864933843865
2018-03-14,-0.002254792387089033
2018-03-15,9.40512580047681e-05
2018-03-16,-0.003108371550927913
2018-03-19,0.0007544323254853325
2018-03-20,0.004233109185554085
2018-03-21,-0.004610254202281894
2018-03-22,-0.007382901495191163
2018-03-23,-0.0051433583239886005
2018-03-26,0.006472514505617255
2018-03-27,-0.000664357258811421
2018-03-28,0.014327702916705931
2018-03-29,-0.004032452596932856
2018-03-30,-0.0015046081454261895
2018-04-01,0.0
2018-04-02,-0.0035825436638967645
2018-04-03,0.006683321342144666
2018-04-04,0.0016872894891655221
2018-04-05,0.00560382525583325
2018-04-06,-0.004293454420635889
2018-04-09,-0.0014977069166741686
2018-04-10,0.004113308594694054
2018-04-11,-0.003832317631387916
2018-04-12,0.005044382485382748
2018-04-13,9.317493601024296e-05
2018-04-16,-0.002145223039730304
2018-04-17,-0.0010276053031876842
2018-04-18,0.0022406880815388774
2018-04-19,0.0012116129913177787
2018-04-20,0.0026975505870003857
2018-04-23,0.009706570316791563
2018-04-24,0.0010114478357570178
2018-04-25,0.005499051525777787
2018-04-26,-0.0010973938001166417
2018-04-27,-0.0023818259702919065
2018-04-30,0.0027477577281036503
2018-05-01,0.004744967384225696
2018-05-02,-0.00018208303036448825
2018-05-03,-0.005935819446643009
2018-05-04,-0.0006413486866048146
2018-05-07,-0.00027498968961925385
2018-05-08,0.00027498968961925385
2018-05-09,0.005757383963822527
2018-05-10,-0.0032858737122030135
2018-05-11,0.0
2018-05-14,0.002465416945270249
2018-05-15,0.006273032980387505
2018-05-16,0.00036245016707070477
2018-05-17,0.0034367402914057266
2018-05-18,-0.00018058690793942844
2018-05-21,0.0027053853636731517
2018-05-22,-0.0014419613169014411
2018-05-23,-0.007332008406292445
2018-05-24,-0.007569230429796292
2018-05-25,0.0012807613131222695
2018-05-28,0.00027423557007200117
2018-05-29,-0.006050623519905152
2018-05-30,0.0013783599701211457
2018-05-31,-0.0008267879759937813
2018-06-01,0.0065952423727342335
2018-06-04,0.00246204473977496
2018-06-05,-0.00018216595368691912
2018-06-06,0.003455491298656632
2018-06-07,-0.004275648997157155
2018-06-08,-0.0014597210875875177
2018-06-10,0.0
2018-06-11,0.004463683111657346
2018-06-12,0.0030855819017725494
2018-06-13,-0.0003625158640385706
2018-06-14,0.0027156710814857377
2018-06-15,0.0003615329034314385
2018-06-18,-0.0010849910648467187
2018-06-19,-0.004533510348743164
2018-06-20,0.0028131966463718072
2018-06-21,-0.0033586016230771065
2018-06-22,-0.00018186778262307968
2018-06-25,-0.001820499319469704
2018-06-26,0.0026386439948948848
2018-06-27,0.0018157063544848029
2018-06-28,0.00208399477408161
2018-06-29,0.0016279283689266677
2018-07-01,0.0
2018-07-02,0.0020762814951611475
2018-07-03,-0.0027994780553379783
2018-07-04,-0.0011763110436602275
2018-07-05,0.001447571048036167
2018-07-06,-0.001447571048036167
2018-07-09,0.003524790128651034
2018-07-10,0.0012622849029773064
2018-07-11,0.009148866397339361
2018-07-12,0.004898696057646923
2018-07-13,-0.0016895651166981551
2018-07-16,-0.0007122507423611424
2018-07-17,0.005063751769863067
2018-07-18,-0.00017724211318981276
2018-07-19,-0.0033735827450307454
2018-07-20,-0.009471121548226158
2018-07-23,-0.0005387931164824167
2018-07-24,-0.0012583140254580627
2018-07-25,-0.0019805552026852524
2018-07-26,0.002250327246945183
2018-07-27,-0.001709786693242954
2018-07-30,0.00027016074728614115
2018-07-31,0.007177493579980876
2018-08-01,-0.0013418618106850744
2018-08-02,-0.0005372492965900477
2018-08-03,-0.0035890572398171727
2018-08-06,0.0013474064468343983
2018-08-07,-0.00026933608817447663
2018-08-08,-0.003598096892536873
2018-08-09,0.0009007386665560446
2018-08-10,-0.0013514124314513154
2018-08-13,-0.00189505087620212
2018-08-14,0.0038764979804000177
2018-08-15,-0.0036958621417584325
2018-08-16,0.0013537297315764363
2018-08-17,-0.0035235163165090455
2018-08-20,-0.0038993474934709837
2018-08-21,0.00208758868644221
2018-08-22,0.0022641860870615815
2018-08-23,0.006672101210070558
2018-08-24,-0.0005393258557697678
2018-08-27,-0.0012595593208191147
2018-08-28,0.0008998470867247477
2018-08-29,0.004218468760843308
2018-08-30,-0.0061992022795900326
2018-08-31,0.0005405892554390945
2018-09-01,0.0
2018-09-03,0.00045026791701285873
2018-09-04,0.0033256962925216627
2018-09-05,0.0007176175406637952
2018-09-06,-0.0070188356173925825
2018-09-07,0.0027954389456148476
2018-09-10,0.000540151255481014
2018-09-11,0.0045795437643700865
2018-09-12,-0.003320324313937917
2018-09-13,0.006004409310876646
2018-09-14,0.0010716200346818638
2018-09-17,-0.0018760893518106059
2018-09-18,0.004639137591240683
2018-09-19,-0.0007123141606495409
2018-09-20,0.001868743591666444
2018-09-21,0.0007109847437787309
2018-09-24,0.002041269845691751
2018-09-25,0.001594614087012225
2018-09-26,-0.00221542914841244
2018-09-27,0.005661727791999915
2018-09-28,0.0028188884064199726
2018-10-01,0.002021179122976058
2018-10-02,-0.0021971270428453593
2018-10-03,0.007625261540649575
2018-10-04,-0.005515926956488393
2018-10-05,-0.0017574696966464742
2018-10-08,-0.004142252430542115
2018-10-09,-0.0025644440812575553
2018-10-10,-0.005950019774002335
2018-10-11,-0.0009802611844085263
2018-10-12,0.00026743927059325046
2018-10-15,-0.003840147608166866
2018-10-16,0.004374811673657497
2018-10-17,0.0034683657873681994
2018-10-18,-0.004092168329541401
2018-10-19,0.0032039899249420856
2018-10-22,0.0023076250588260905
2018-10-23,-0.003285533302290311
2018-10-24,-0.0016022791393046631
2018-10-25,0.0013354108372274354
2018-10-26,-0.004547691639961826
2018-10-29,0.004191756416413561
2018-10-30,0.006387530589346824
2018-10-31,-0.001327375089810623
2018-11-01,-0.0020387366898484416
2018-11-02,0.004250050668646921
2018-11-05,0.0
2018-11-06,0.00211827087150418
2018-11-07,0.0007931961813660848
2018-11-08,0.004833686961145389
2018-11-09,-0.00210637255341517
2018-11-12,8.785416214696085e-05
2018-11-13,-0.0002635856448947038
2018-11-14,-0.0016709911104175745
2018-11-15,8.801654716794616e-05
2018-11-16,-0.007065918817151129
2018-11-19,-0.0024849143066969503
2018-11-20,0.0018642643776551893
2018-11-21,0.002657220341190758
2018-11-22,-0.0010620409883994597
2018-11-23,8.854650911160888e-05
2018-11-26,0.005738769998639093
2018-11-27,0.001583392308295295
2018-11-28,-0.000791382762780124
2018-11-29,-0.0018489989859471478
2018-11-30,-8.813290447662325e-05
2018-12-01,0.0
2018-12-03,0.0016731984001312483
2018-12-04,-0.007773204054355887
2018-12-05,0.0037174764001317584
2018-12-06,-0.004693389177760743
2018-12-07,0.0005324341238575059
2018-12-10,0.005397049154431954
2018-12-11,0.0003528892846498266
2018-12-12,-0.0008824568168845914
2018-12-13,0.0030851979163584176
2018-12-14,-0.002202741099473826
2018-12-17,-0.004863177717677303
2018-12-18,-0.0027515217288494043
2018-12-19,-0.0003555871670499755
2018-12-20,-0.010636971800742856
2018-12-21,-0.0006292417844369069
2018-12-24,-0.0070384697717109646
2018-12-25,-0.0014499322884526933
2018-12-26,0.009746489932790148
2018-12-27,-0.003238286539488655
2018-12-28,-0.006598894002350697
2018-12-31,-0.00636886876666054
2019-01-01,0.0013681764345223613
2019-01-02,-0.00768601093631105
2019-01-03,-0.011269286082716157
2019-01-04,0.0080492639803591
2019-01-07,0.0016573063364324625
2019-01-08,0.00027595088249476873
2019-01-09,-0.005256132715004469
2019-01-10,0.0024009615375382154
2019-01-11,0.001106194803066174
2019-01-14,-0.0035071563406043893
2019-01-15,0.004612128828722639
2019-01-16,0.003857816854011098
2019-01-17,0.0013741928780639512
2019-01-18,0.004840413122123799
2019-01-21,-0.0009114940016727857
2019-01-22,-0.0027394775602083143
2019-01-23,0.002100937059606345
2019-01-24,0.0003649302111474739
2019-01-25,-0.0009125753507932544
2019-01-28,-0.0017361908688018346
2019-01-29,0.0003657644517733871
2019-01-30,-0.0032967062824917903
2019-01-31,-0.0013768417430464197
2019-02-01,0.005587374279389934
2019-02-04,0.0036469770545943803
2019-02-05,0.0007278020699725829
2019-02-06,0.0
2019-02-07,-0.0014561342216152795
2019-02-08,-0.0007288630060271473
2019-02-11,0.005816083279682083
2019-02-12,0.0010867597519519379
2019-02-13,0.004605598062851435
2019-02-14,-0.004696116279704121
2019-02-15,9.051821685268635e-05
2019-02-18,0.0010855799871976046
2019-02-19,9.041182592817165e-05
2019-02-20,0.002167435148157537
2019-02-21,-0.0014444346647879414
2019-02-22,-9.03464788066799e-05
2019-02-25,0.003427440894735234
2019-02-26,-0.004421791259150432
2019-02-27,0.003701200343444455
2019-02-28,0.003507986507254479
2019-03-01,0.004747623912870758
2019-03-04,-0.0014308712868773554
2019-03-05,0.0013415017886266867
2019-03-06,-0.0012520123259509575
2019-03-07,-0.0015224110762961374
2019-03-08,-0.0038611820071769998
2019-03-10,0.0
2019-03-11,0.0003598093049523854
2019-03-12,0.0014379439882192813
2019-03-13,-0.0017977532931716667
2019-03-14,0.004936065664949751
2019-03-15,-0.0022406462432771335
2019-03-18,-0.0002692152392080871
2019-03-19,-0.00044885318766052507
2019-03-20,-0.006214836486283737
2019-03-21,0.001083619394457891
2019-03-22,-0.008064925232374343
2019-03-25,0.00036386791996090295
2019-03-26,0.006075187565762086
2019-03-27,-0.0009948899658409616
2019-03-28,0.0009948899658409616
2019-03-29,0.0019868154282454142
2019-04-01,0.0045008627605840346
2019-04-02,-0.00026948125022663305
2019-04-03,0.0014363948963973527
2019-04-04,0.0016134818846342824
2019-04-05,0.0007162682730799119
2019-04-08,-0.0023297501577141944
2019-04-09,-0.0031447979554437566
2019-04-10,-0.0010804971337545766
2019-04-11,0.005838776973832616
2019-04-12,0.003308448495519478
2019-04-15,8.926578894552506e-05
2019-04-16,-0.00035711097602941777
2019-04-17,0.0005356186523339801
2019-04-18,-0.0008035355996831584
2019-04-19,-0.00044668781731704854
2019-04-22,0.00017869907124001827
2019-04-23,-0.0006255865077342548
2019-04-24,0.002767488263690332
2019-04-25,-0.00491533229684471
2019-04-26,-0.0003584229429050012
2019-04-29,0.0004480086092586433
2019-04-30,-0.001972740955415553
2019-05-01,-0.00035909866621608444
2019-05-02,0.0011665994951641778
2019-05-03,-0.0036839073065424444
2019-05-06,-0.002974985290870258
2019-05-07,-0.0047058910374122576
2019-05-08,-0.0012707635367146253
2019-05-09,-0.0031839917733531564
2019-05-10,0.0017297104772335814
2019-05-13,-0.005838367250021292
2019-05-14,0.0026497342928077927
2019-05-15,-9.125336503146286e-05
2019-05-16,0.0023698853494460437
2019-05-17,0.002091765575585214
2019-05-20,-0.0001817190628301546
2019-05-21,0.003990211152613554
2019-05-22,-0.001358511280799668
2019-05-23,-0.006820378368983526
2019-05-24,-0.0027412297867188684
2019-05-27,0.0019196495679736358
2019-05-28,-0.0012793568408611122
2019-05-29,0.002009683694574882
2019-05-30,0.00018249840364603642
2019-05-31,-0.012301633145083812
2019-06-01,0.0
2019-06-03,-0.0018491129529119021
2019-06-04,0.0007400555379390994
2019-06-05,0.002862553319024741
2019-06-06,-0.0004611482673375633
2019-06-07,-0.0020315825622647665
2019-06-10,0.0023082970408090375
2019-06-11,0.0006453694964241308
2019-06-12,-9.217014615536812e-05
2019-06-13,-0.001106704899455302
2019-06-14,0.001659598389396777
2019-06-17,0.0
2019-06-18,-0.0010138716938357106
2019-06-19,-0.00323281120235297
2019-06-20,-0.0074287647794566425
2019-06-21,9.320098799747711e-05
2019-06-24,-0.00018641066322988564
2019-06-25,-0.0010258802485170193
2019-06-26,0.005582967883834833
2019-06-27,9.278589661043668e-05
2019-06-28,0.0009273857661780127
2019-07-01,0.005085305212561231
2019-07-02,-0.005085305212561231
2019-07-03,-0.0005563282480061105
2019-07-04,-0.00027828022998566126
2019-07-05,0.006104347479346295
2019-07-08,0.0023945489430250433
2019-07-09,0.0011951276991366555
2019-07-10,-0.0034974725021310604
2019-07-11,0.00018438277917098844
2019-07-12,-0.0054536346288367454
2019-07-15,9.268270084028529e-05
2019-07-16,0.0029613199505007515
2019-07-17,-0.0025906750240922705
2019-07-18,-0.006040068541842025
2019-07-19,0.0038141355136875887
2019-07-22,0.0014845057467383072
2019-07-23,0.003239693674475852
2019-07-24,-0.00036971994135903685
2019-07-25,0.004151488964501127
2019-07-26,0.00036818851667774766
2019-07-29,0.0010118199823825336
2019-07-30,-0.0016562388769498781
2019-07-31,0.001380389488964795
2019-08-01,-0.013051511224341006
2019-08-02,-0.007012323624796757
2019-08-05,-0.006022980752256046
2019-08-06,0.004990359210134798
2019-08-07,-0.0019743343037177397
2019-08-08,-0.0018839493138136376
2019-08-09,-0.0037785799728142777
2019-08-12,-0.0035079438675014174
2019-08-13,0.013583833057205119
2019-08-14,-0.007901461483510452
2019-08-15,0.002075472443135773
2019-08-16,0.002353274489320434
2019-08-19,0.0024415450197956545
2019-08-20,-0.0037586964003617496
2019-08-21,0.0036649009681308797
2019-08-22,-0.001783786794160136
2019-08-23,-0.009725774222378192
2019-08-26,0.00690277432369335
2019-08-27,-0.0037764395334507483
2019-08-28,0.0036822021494105073
2019-08-29,0.0036686932639815595
2019-08-30,-0.001973777603989646
2019-09-01,0.0
2019-09-02,-0.0007529412120419465
2019-09-03,-0.002734174144750412
2019-09-04,0.004333497125473151
2019-09-05,0.005063301956546695
2019-09-06,-0.0001870732397186714
2019-09-09,0.0030822422010547967
2019-09-10,0.002793818170380824
2019-09-11,0.00260054014859179
2019-09-12,0.0025937948770851094
2019-09-13,-0.0001850481130372117
2019-09-16,0.0004625560931721395
2019-09-17,0.0
2019-09-18,0.002955303222218042
2019-09-19,-0.004065797506244806
2019-09-20,-0.004175371410481077
2019-09-23,-9.298433220639168e-05
2019-09-24,-0.004566856345840975
2019-09-25,0.006610517066417465
2019-09-26,0.0005566379214139161
2019-09-27,0.0009270418759772525
2019-09-30,0.0012964165164195407
2019-10-01,-0.00296571116353217
2019-10-02,-0.005304558527481795
2019-10-03,-0.00252254069390645
2019-10-04,0.0002805967375660856
2019-10-07,0.0032678242048573836
2019-10-08,-0.001959412803244298
2019-10-09,0.003635859130496577
2019-10-10,0.004642102849128804
2019-10-11,0.00406730085574214
2019-10-14,-0.00018451886757819835
2019-10-15,0.0042353437770774605
2019-10-16,-0.0008272439462517767
2019-10-17,-0.0009199632663543511
2019-10-18,-0.002119132870246787
2019-10-21,0.0015667483966170792
2019-10-22,-0.001105685176683302
2019-10-23,0.0019341475060210556
2019-10-24,-0.0006443002662024355
2019-10-25,0.00027617951844138844
2019-10-28,0.002757608145142143
2019-10-29,-0.00064276206243985
2019-10-30,-0.00036747818511795316
2019-10-31,-0.007470636543225773
2019-11-01,0.0013876684774531967
2019-11-04,0.0035989518844159463
2019-11-05,0.005420067469339429
2019-11-06,-0.0017422405947513653
2019-11-07,0.0028410411814521197
2019-11-08,0.0
2019-11-11,-0.0021070961943765454
2019-11-12,-0.0003669051591339567
2019-11-13,-0.0017446402662226745
2019-11-14,-0.003867408135262096
2019-11-15,0.003131911181999847
2019-11-18,-0.0006440038862818298
2019-11-19,-0.0011971086654529728
2019-11-20,0.000644775041910961
2019-11-21,0.00027620494582514254
2019-11-22,9.20513647262311e-05
2019-11-25,0.0023903661285284983
2019-11-26,0.0011930437793754578
2019-11-27,0.0047579923231850785
2019-11-28,-0.0004565167849195362
2019-11-29,9.132003111211873e-05
2019-12-01,0.0
2019-12-02,-0.0048514901327152415
2019-12-03,-0.003308826548253485
2019-12-04,0.0021152350738571357
2019-12-05,-0.0009191177117626737
2019-12-06,-0.001472347739984059
2019-12-09,-0.00036842590450891777
2019-12-10,0.0013808978028633234
2019-12-11,-0.001473025491905311
2019-12-12,0.006886131053323474
2019-12-13,0.0006402927271125236
2019-12-16,0.0011880284696390575
2019-12-17,-0.0001826817688677096
2019-12-18,0.0005479452191892165
2019-12-19,-0.0014618549885208054
2019-12-20,0.000639824527105759
2019-12-23,-0.0004569757425407772
2019-12-24,0.0
2019-12-25,-0.0003657310089222321
2019-12-26,0.00255731256367131
2019-12-27,-0.0020087661977497007
2019-12-30,-0.005039640482644714
2019-12-31,-0.0022991687141091788
2020-01-01,0.0008283098352190876
2020-01-02,-0.001196667883403002
2020-01-03,-0.004523432591817311
2020-01-06,0.0025873235649509496
2020-01-07,0.0005535566152978788
2020-01-08,0.006435620262959851
2020-01-09,0.0035676751925155514
2020-01-10,-0.00045668357189576625
2020-01-13,0.004284613875000787
2020-01-14,0.0003638017320701792
2020-01-15,-0.0008187400957702096
2020-01-16,0.002363422607262855
2020-01-17,0.0
2020-01-20,0.0003631082102346639
2020-01-21,-0.002908564130096103
2020-01-22,-0.00027311211421920945
2020-01-23,-0.003191831627776587
2020-01-24,-0.0019200005898243333
2020-01-27,-0.00348368522468423
2020-01-28,0.0022016337670285324
2020-01-29,-0.0012836972237781907
2020-01-30,-0.000367073510591176
2020-01-31,-0.005245491252661161
2020-02-01,0.0
2020-02-03,0.002672196936792659
2020-02-04,0.007700102212907289
2020-02-05,0.0026446597877622935
2020-02-06,0.0017289234935953246
2020-02-07,-0.002457786499622472
2020-02-10,0.0001822655614267532
2020-02-11,0.00027333606839530233
2020-02-12,0.002820106485808438
2020-02-13,-0.0024557745754112403
2020-02-14,-0.0006376679787924999
2020-02-17,0.0012749295962430907
2020-02-18,-0.00018203331259858402
2020-02-19,0.01347156578890285
2020-02-20,0.0068021384621248515
2020-02-21,-0.004828335560413066
2020-02-24,-0.00773802673371371
2020-02-25,-0.004798777826804823
2020-02-26,0.0021758848113284657
2020-02-27,-0.007636400745629324
2020-02-28,-0.013875710795194784
2020-03-01,0.0
2020-03-02,0.0021259886918700843
2020-03-03,-0.010955452624027195
2020-03-04,0.003727175391921911
2020-03-05,-0.01272948675088692
2020-03-06,-0.0081339708840229
2020-03-09,-0.02851281576298348
2020-03-10,0.03164181845812486
2020-03-11,-0.01046831029045503
2020-03-12,0.000956205848339664
2020-03-13,0.03086722898268679
2020-03-16,-0.019274548794768087
2020-03-17,0.017047996246751573
2020-03-18,0.0036156345882938368
2020-03-19,0.024046872981612566
2020-03-20,0.000993272915651211
2020-03-23,0.003603607503298356
2020-03-24,8.992401426866081e-05
2020-03-25,-0.00017985611559279135
2020-03-26,-0.014585573604888324
2020-03-27,-0.015542686547020956
2020-03-30,-0.0007417710122217258
2020-03-31,-0.00260054014859179
2020-04-01,-0.0035401564828489995
2020-04-02,0.006975150344502801
2020-04-03,0.005084365008794833
2020-04-06,0.006891826037921156
2020-04-07,-0.004589269183640887
2020-04-08,0.0010114478357570178
2020-04-09,-0.0032218005500066482
2020-04-10,0.0
2020-04-12,0.0
2020-04-13,-0.006474909310805188
2020-04-14,-0.005210283465407528
2020-04-15,0.0025154902163606607
2020-04-16,0.004363778337435065
2020-04-17,-0.003991650693360604
2020-04-20,0.0009297137151644819
2020-04-21,0.0013929518898079252
2020-04-22,-0.00037126415871036045
2020-04-23,-0.0013005110983019819
2020-04-24,-0.0007439092773795508
2020-04-27,-0.002608049168325799
2020-04-28,-0.003363231869766281
2020-04-29,-0.00149840822191738
2020-04-30,0.004395200417198097
2020-05-01,-0.0022419439563403643
2020-05-04,-0.0018721338426921363
2020-05-05,-0.0014064040572367986
2020-05-06,-0.004136899468887734
2020-05-07,0.0012240479848548702
2020-05-08,0.003569419532755802
2020-05-11,0.009425668215452099
2020-05-12,-0.004935062858344885
2020-05-13,-0.0010273173913075695
2020-05-14,0.002053580484599138
2020-05-15,-0.002053580484599138
2020-05-18,0.002892467610274174
2020-05-19,0.003255665402984498
2020-05-20,-0.0015799993992811068
2020-05-21,0.0009297137151644819
2020-05-22,0.0
2020-05-25,0.0007431491284881631
2020-05-26,-0.0015798525659498353
2020-05-27,0.0017655535878393636
2020-05-28,-0.0007430110864721229
2020-05-29,0.0012999073325339339
2020-06-01,-0.0017645697636439195
2020-06-02,0.0099889842782801
2020-06-03,0.0021144572345930257
2020-06-04,0.0022016337670285324
2020-06-05,0.004115043985271072
2020-06-08,-0.010642302278077054
2020-06-09,-0.006477305888793694
2020-06-10,-0.005865665530614628
2020-06-11,-0.002243620647627509
2020-06-12,0.004575384983525943
2020-06-15,-0.0002795248096463254
2020-06-16,9.318361838683842e-05
2020-06-17,-0.002986191095517121
2020-06-18,-0.00037390166821804627
2020-06-19,-0.0008417902568824687
2020-06-22,0.0
2020-06-23,-0.003374265081730776
2020-06-24,0.004776855428084481
2020-06-25,0.0015872278202690993
2020-06-26,0.00018656716471987522
2020-06-29,0.0032593035325163555
2020-06-30,0.003341380498835811
2020-07-01,-0.004271526598825126
2020-07-02,0.00018609844661554575
2020-07-03,0.0001860638204265186
2020-07-06,-0.0013963232429272665
2020-07-07,0.0014893421723467526
2020-07-08,-0.0024213086890103597
2020-07-09,-0.0005595971046981063
2020-07-10,-0.0028026924175739154
2020-07-13,0.0034555252689250082
2020-07-14,-0.00027973332272512863
2020-07-15,-0.0028951689613361253
2020-07-16,0.003174902284061254
2020-07-17,-0.002520421404264006
2020-07-20,0.002333941217242952
2020-07-21,-0.004485988831434362
2020-07-22,0.0035530659164901834
2020-07-23,-0.002710408687657484
2020-07-24,-0.006855452495617698
2020-07-27,-0.007092563658102513
2020-07-28,-0.002756000794096991
2020-07-29,-0.0016191250739447938
2020-07-30,-0.0018127181417497695
2020-07-31,0.011016255757255955
2020-08-01,0.0
2020-08-03,0.0005665187574797059
2020-08-04,-0.0022680032401884986
2020-08-05,-0.001230652874588678
2020-08-06,-0.000284212024081576
2020-08-07,0.003499648878055872
2020-08-10,0.0003776078587307552
2020-08-11,0.004989889372548184
2020-08-12,0.003843094198997754
2020-08-13,0.00028062298486375425
2020-08-14,-0.0030911925696726072
2020-08-17,-0.005644948661881699
2020-08-18,-0.005392378612103066
2020-08-19,0.006429674192876433
2020-08-20,-0.002926048621254118
2020-08-21,-9.45313608493592e-05
2020-08-24,0.00179456954891144
2020-08-25,0.0036735311880740085
2020-08-26,-0.0035791693102025235
2020-08-27,0.005363961480009394
2020-08-28,-0.011421144489382584
2020-08-31,0.005207605387119507
2020-09-01,0.0005664652719454821
2020-09-02,0.0021684824412169235
2020-09-03,-9.418413004347315e-05
2020-09-04,0.0005649717664404363
2020-09-07,0.00018825301260427807
2020-09-08,-0.0022613785195204628
2020-09-09,0.0015081537404757484
2020-09-10,-0.0003768252517506454
2020-09-11,9.421962601763312e-05
2020-09-14,-0.0039648876636606545
2020-09-15,-0.0027468641472294664
2020-09-16,-0.004658467330292737
2020-09-17,-0.0020031484735110183
2020-09-18,-0.0017201839104119543
2020-09-21,0.0008604618342458181
2020-09-22,0.0025769520345058083
2020-09-23,0.004375125868041785
2020-09-24,0.0002846704958257007
2020-09-25,0.0018957351648989373
2020-09-28,-0.001042209578443476
2020-09-29,0.0014209257352142401
2020-09-30,-0.0018001805041478747
2020-10-01,0.0004740459913374906
2020-10-02,-0.0016126740676707385
2020-10-05,0.003695810887637485
2020-10-06,-0.0009463424573006307
2020-10-07,0.0032139171250813448
2020-10-08,0.0004717648811372044
2020-10-09,-0.003969759466582623
2020-10-12,-0.002750250678493771
2020-10-13,0.0016131331485933487
2020-10-14,-0.003038650139814081
2020-10-15,0.002754168605488161
2020-10-16,-0.0003794346469350174
2020-10-19,0.0001897353197986007
2020-10-20,0.0006637902666568607
2020-10-21,-0.008855092377751284
2020-10-22,0.002483524058053632
2020-10-23,-0.0012409910427564341
2020-10-26,0.0012409910427564341
2020-10-27,-0.004014917925481143
2020-10-28,-0.0010541953154170614
2020-10-29,0.003063669222547638
2020-10-30,0.0002867383532194623
2020-11-01,0.0
2020-11-02,0.0006687365904820552
2020-11-03,-0.002390401291218147
2020-11-04,0.00019144251996827677
2020-11-05,-0.009713949911261288
2020-11-06,-0.001353965390595846
2020-11-09,0.019455307208762207
2020-11-10,-0.0007595898580188276
2020-11-11,0.0013289038500534645
2020-11-12,-0.0028498166907597877
2020-11-13,-0.004767816793835422
2020-11-16,-0.000573668626499213
2020-11-17,-0.003736889319609027
2020-11-18,-0.003269233680994965
2020-11-19,-0.001059985644898731
2020-11-20,0.001252589651658198
2020-11-23,0.006622222962654689
2020-11-24,-0.0010527827933186629
2020-11-25,0.00019149751111680047
2020-11-26,-0.001916627323663711
2020-11-27,-0.0014398850579873113
2020-11-30,0.0016317131805783092
2020-12-01,0.00028767320522504747
2020-12-02,0.0009583134418118533
2020-12-03,-0.005474729133176481
2020-12-04,0.0029812014193906222
2020-12-07,-0.0007684918725949785
2020-12-08,0.0008645118448233902
2020-12-09,0.0005759262973548118
2020-12-10,-9.596468506956057e-05
2020-12-11,-0.0018250809542248447
2020-12-14,0.0001922707177621774
2020-12-15,-0.0035630063212428453
2020-12-16,-0.001737955443732453
2020-12-17,-0.0036789662949141544
2020-12-18,0.0020347858384397455
2020-12-21,-9.680073576134873e-05
2020-12-22,0.0031894870705331257
2020-12-23,-0.0007722753545325034
2020-12-24,0.0007722753545325034
2020-12-25,-0.001448505878297368
2020-12-28,0.002894916621765553
2020-12-29,-0.0021221190562572545
2020-12-30,-0.003773041771052199
2020-12-31,0.0006782617381286826
2021-01-01,-0.00038752180295098526
2021-01-04,-0.0009694620245479513
2021-01-05,-0.0036925510812633178
2021-01-06,0.003110422414392744
2021-01-07,0.007348708375744195
2021-01-08,0.001251624868542578
2021-01-11,0.0029783372162590638
2021-01-12,-0.0047117737057815745
2021-01-13,0.0009633912113136134
2021-01-14,-0.000577923344923903
2021-01-15,0.0007704902625222942
2021-01-18,-0.001734438669533489
2021-01-19,0.0019269685122536018
2021-01-20,-0.0035678163298493715
2021-01-21,-0.00038647343476228
2021-01-22,0.002798554299358713
2021-01-25,-0.0003855421734506592
2021-01-26,-0.0012540396183542413
2021-01-27,0.004718579701994408
2021-01-28,0.001152184476959306
2021-01-29,0.004499983657609619
2021-02-01,0.0021947620814488644
2021-02-02,0.0005717553043123047
2021-02-03,0.0003809886701953147
2021-02-04,0.005034444259619519
2021-02-05,-0.0017069705424956894
2021-02-08,-0.0013296611323649898
2021-02-09,-0.006196692692163275
2021-02-10,0.0
2021-02-11,0.0014334179911470457
2021-02-12,0.002003339568174667
2021-02-15,0.004089596265206552
2021-02-16,0.006433323985798545
2021-02-17,-0.0017933838399502022
2021-02-18,-0.0017966058447047573
2021-02-19,-0.0021791661473109514
2021-02-22,-0.0035156100630429066
2021-02-23,0.0017118406462763858
2021-02-24,0.0058740102577496955
2021-02-25,0.003300799903606766
2021-02-26,0.003477610535187914
2021-03-01,0.001593775240097628
2021-03-02,-0.0007496954713426263
2021-03-03,0.002995415513123767
2021-03-04,0.009118038608534107
2021-03-05,0.0034210194707036123
2021-03-08,0.004788222776300977
2021-03-09,-0.0036812115931397216
2021-03-10,-0.0007378712749464
2021-03-11,0.001014432696391232
2021-03-12,0.004689879394784491
2021-03-15,0.0011003118660086741
2021-03-16,-0.0012838149401996901
2021-03-17,-0.0013773474469820357
2021-03-18,0.0004593266352399539
2021-03-19,-9.184845012200071e-05
2021-03-22,-0.00036747818511795316
2021-03-23,-0.0024840161813566297
2021-03-24,0.0014727543162749157
2021-03-25,0.004130530449289793
2021-03-26,0.0042959711424064295
2021-03-29,0.001276091687158143
2021-03-30,0.005088144722541266
2021-03-31,0.0032573318703068566
2021-04-01,-0.0009037506263567252
2021-04-02,0.0009940807831405607
2021-04-05,-0.004889542519401324
2021-04-06,-0.0039106957211441085
2021-04-07,0.0009108298288857952
2021-04-08,-0.005477464854211078
2021-04-09,0.0037461782583925185
2021-04-12,-0.002556845516762607
2021-04-13,-0.0029301366994962663
2021-04-14,-0.0012846395600432103
2021-04-15,-0.00156214136982058
2021-04-16,0.0002758493879850832
2021-04-19,-0.005716408706691212
2021-04-20,-0.0006474587471245741
2021-04-21,-0.00027761069904830293
2021-04-22,-0.0008332948030913556
2021-04-23,-0.0004632417741614603
2021-04-26,0.0015741472763011188
2021-04-27,0.005536090906203661
2021-04-28,-0.0008284623293377535
2021-04-29,0.002942530858785375
2021-04-30,0.003300030495059225
2021-05-01,0.0
2021-05-03,-0.0019236940847386919
2021-05-04,0.0024726419484784046
2021-05-05,-0.0013729350927818018
2021-05-06,-0.0009163383762240684
2021-05-07,-0.00441015047755311
2021-05-10,0.001656086494979725
2021-05-11,-0.0015640097028697397
2021-05-12,0.00952999057195214
2021-05-13,-0.001825650895025177
2021-05-14,-0.001005530502018459
2021-05-17,-0.0013728094408786973
2021-05-18,-0.002843125682764125
2021-05-19,0.0030262758664267864
2021-05-20,-0.0042209642408437276
2021-05-21,0.0017456019867347905
2021-05-24,-0.0018375602377540545
2021-05-25,0.00018390804649559556
2021-05-26,0.003487841993815799
2021-05-27,0.006029067317344428
2021-05-28,9.107053419210587e-05
2021-05-31,-0.0024618202540471756
2021-06-01,-0.0008219553867032658
2021-06-02,0.0008219553867032658
2021-06-03,0.006732806800020974
2021-06-04,-0.007189365270262371
2021-06-07,-0.00228592427982921
2021-06-08,0.00228592427982921
2021-06-09,0.0010953903422983302
2021-06-10,-0.002740728921887481
2021-06-11,0.003105592558152459
2021-06-14,0.0037321967677161894
2021-06-15,9.085540368758416e-05
2021-06-16,0.00561697436223163
2021-06-17,-0.00443660467871787
2021-06-18,-9.0748219128578e-05
2021-06-21,0.000997777759771168
2021-06-22,0.00307776109704605
2021-06-23,0.0027078272705853834
2021-06-24,-0.0007213706354294303
2021-06-25,-0.0008121644628173996
2021-06-28,-0.001355074962309466
2021-06-29,-0.001085383608724122
2021-06-30,0.005415175687776497
2021-07-01,0.003593894254589003
2021-07-02,-0.004134094141678979
2021-07-05,-0.0007207207519179804
2021-07-06,-0.003249686918342043
2021-07-07,0.000451977408824078
2021-07-08,-0.007802616250417671
2021-07-09,0.0031828335876946667
2021-07-12,0.001904848868409914
2021-07-13,0.002353368211417184
2021-07-14,-0.005621048345137325
2021-07-15,-0.001182624654551212
2021-07-16,0.0020005462705592336
2021-07-19,-0.005830920310793353
2021-07-20,0.0036483075854754077
2021-07-21,0.003907142310871414
2021-07-22,-0.0011796199362512638
2021-07-23,0.0036251625707812707
2021-07-26,-0.0018109385608324757
2021-07-27,-0.005270343866708771
2021-07-28,0.0012746974320005933
2021-07-29,-0.004011675693804229
2021-07-30,0.002190181565413063
2021-08-01,0.0
2021-08-02,-0.0038359714587050675
2021-08-03,-0.002198608434202498
2021-08-04,0.003935751728188386
2021-08-05,0.0024633925143637825
2021-08-06,0.004636582696125657
2021-08-09,0.00027207182864064094
2021-08-10,0.0025357738637641347
2021-08-11,-0.001448226176364642
2021-08-12,-0.00018117583164034556
2021-08-13,-0.007365343594052831
2021-08-16,-0.0031078635618504435
2021-08-17,0.0031078635618504435
2021-08-18,0.0015503172135273857
2021-08-19,-0.0001822655614267532
2021-08-20,0.0007288630060271473
2021-08-23,-0.0010934938213713608
2021-08-24,-0.0005471956360878494
2021-08-25,0.0033696129510545347
2021-08-26,0.0007270744662752904
2021-08-27,-0.0022738651845743973
2021-08-30,0.0009101666233126693
2021-08-31,0.0009093389732734991
2021-09-01,-0.0002727148782870614
2021-09-02,-0.0006366240949864377
2021-09-03,-0.0017300254713310537
2021-09-06,0.0009109127975470699
2021-09-07,0.003998187970331912
2021-09-08,-0.000362811795362461
2021-09-09,-0.004819724694039351
2021-09-10,0.0020944323095877238
2021-09-13,0.0004547314888956322
2021-09-14,-0.0028226743075512317
2021-09-15,-0.002830664356422652
2021-09-16,0.0031041748654905277
2021-09-17,0.0023672960158602763
2021-09-20,-0.005197185165346063
2021-09-21,-0.0016468439220620468
2021-09-22,0.005205728912105911
2021-09-23,0.004725563137713884
2021-09-24,0.0038005656099020513
2021-09-27,0.0025257094429749216
2021-09-28,0.004494389587839542
2021-09-29,0.0041170737470794805
2021-09-30,-0.006181984477644065
2021-10-01,-0.001979129829172699
2021-10-04,-0.0016222065561759536
2021-10-05,0.005217716047617671
2021-10-06,-0.0003589697606525277
2021-10-07,0.0016143501263847782
2021-10-08,0.005629790125215806
2021-10-11,0.009577937711134688
2021-10-12,0.002644338253090517
2021-10-13,-0.0032623579611028575
2021-10-14,0.003790387543027407
2021-10-15,0.004739761352934302
2021-10-18,0.0009627588157767875
2021-10-19,0.0004373114164240022
2021-10-20,-0.0008748141577941126
2021-10-21,-0.0025412974286727064
2021-10-22,-0.004484903969222742
2021-10-25,0.0021130488580691775
2021-10-26,0.0038623643520718787
2021-10-27,-0.00289537381476368
2021-10-28,-0.0021990596890280045
2021-10-29,0.003867116789725067
2021-11-01,-0.00017545398764173825
2021-11-02,-0.00026323871516087394
2021-11-03,0.00026323871516087394
2021-11-04,-0.0020199365757944676
2021-11-05,-0.0030816665374073793
2021-11-08,-0.001588562685138406
2021-11-09,-0.003273325344968825
2021-11-10,0.009261367189592029
2021-11-11,0.0013160782772603241
2021-11-12,-0.0017551562206490345
2021-11-15,0.00236873383555114
2021-11-16,0.006115158394191411
2021-11-17,-0.006553389699684331
2021-11-18,0.0014892035514675328
2021-11-19,-0.002278504184419994
2021-11-22,0.007691001029296096
2021-11-23,0.0022610671429621476
2021-11-24,0.002515942853201558
2021-11-25,-0.000520020812551536
2021-11-26,-0.017843559227286754
2021-11-29,0.0018516074593115661
2021-11-30,-0.0034414329134113686
2021-12-01,-0.00336462155558781
2021-12-02,0.0035413936967589876
2021-12-03,-0.0030980330155880864
2021-12-06,0.005834012834462499
2021-12-07,0.0009690350051334562
2021-12-08,0.0007921489654210134
2021-12-09,-0.0019374730851584587
2021-12-10,-0.0005290538876598916
2021-12-13,0.0015863227086132525
2021-12-14,0.0013200160318609377
2021-12-15,0.002722523966804502
2021-12-16,-0.002810470846945634
2021-12-17,-0.0002638870578710595
2021-12-20,-0.0007920792493329998
2021-12-21,0.0043925222166993905
2021-12-22,0.00026293878060279496
2021-12-23,0.0022759113465369296
2021-12-24,0.0003496809197267581
2021-12-27,0.003664286075245826
2021-12-28,-0.0001741856823773702
2021-12-29,0.0011316649738750684
2021-12-30,0.0010434783555517413
2021-12-31,0.0001738072482000419
2022-01-01,0.0
2022-01-03,0.0020833340868540162
2022-01-04,0.007085487173702276
2022-01-05,-0.0003444712400577643
2022-01-06,-0.0024146269062024217
2022-01-07,-0.002333925077254051
2022-01-10,-0.0030335884585985795
2022-01-11,0.0006942034294752375
2022-01-12,-0.005654401564347822
2022-01-13,-0.004020984438682262
2022-01-14,0.0002627315336738434
2022-01-17,0.0034965070587293923
2022-01-18,8.725622796834642e-05
2022-01-19,-0.0025335268869959293
2022-01-20,-0.002013923013334029
2022-01-21,-0.0036001268194327807
2022-01-24,0.002108963874820624
2022-01-25,-0.000526824140729687
2022-01-26,0.006739926603982482
2022-01-27,0.006174738060348517
2022-01-28,-0.000867377970939387
2022-01-31,-0.0012155944884906233
2022-02-01,-0.0033941114346607293
2022-02-02,-0.002356536111266294
2022-02-03,0.004446583027280404
2022-02-04,0.002172497052600697
2022-02-07,-0.0006946856826788306
2022-02-08,0.003641727774007286
2022-02-09,-0.00043284422612366313
2022-02-10,0.004406244979368701
2022-02-11,-0.005099185674050766
2022-02-14,0.0010392310626130552
2022-02-15,0.0007787151594031982
2022-02-16,-0.0013848020215423418
2022-02-17,-0.004600902252120065
2022-02-18,0.0006088809825826047
2022-02-21,-0.0022634291895249348
2022-02-22,0.0029588395096222797
2022-02-23,-0.0009563139176984592
2022-02-24,0.004772450378866644
2022-02-25,0.00034620045351907436
2022-02-28,-0.004944707537461568
2022-03-01,-0.0008700191952994984
2022-03-02,0.0052953810965741255
2022-03-03,-0.000346380329060203
2022-03-04,-0.0059068969525712944
2022-03-07,0.004433440564645785
2022-03-08,0.003204159485210134
2022-03-09,0.0013824090675713663
2022-03-10,0.0026729914600229776
2022-03-11,0.00985398488067446
2022-03-14,0.007644647779187608
2022-03-15,0.0008458090667478046
2022-03-16,0.0037130844347936787
2022-03-17,-0.0010956134423665276
2022-03-18,0.0048788791260108155
2022-03-21,0.0025142487264178115
2022-03-22,0.01107099167158232
2022-03-23,0.0028931617618201955
2022-03-24,0.009692863796289863
2022-03-25,-0.0022095839424753905
2022-03-28,0.01504276851205244
2022-03-29,-0.00867280005577964
2022-03-30,-0.008502340296825395
2022-03-31,-0.0011500863832374364
2022-04-01,0.006799125107034953
2022-04-04,0.0023647419997558927
2022-04-05,0.006656409024240695
2022-04-06,0.0015360365201280146
2022-04-07,0.0010496145648941635
2022-04-08,0.003222690510724213
2022-04-11,0.008250937984965567
2022-04-12,0.0
2022-04-13,0.002470022370498093
2022-04-14,0.0015903311239870987
2022-04-15,0.0038856557354156607
2022-04-18,0.0048950042474968924
2022-04-19,0.015086071863441575
2022-04-20,-0.007944585753500988
2022-04-21,0.00398018241135123
2022-04-22,0.0013232148262645183
2022-04-25,-0.0034283966882995287
2022-04-26,-0.007049453490298951
2022-04-27,0.00938827111524354
2022-04-28,0.01874548661025255
2022-04-29,-0.0078257266039925
2022-05-01,0.0
2022-05-02,0.002384891694675595
2022-05-03,-0.0003074085483776301
2022-05-04,-0.007948492671363994
2022-05-05,0.008179057941569923
2022-05-06,0.0032989404271308587
2022-05-09,-0.0023772105823205436
2022-05-10,0.0013810037487154148
2022-05-11,-0.003609973581292003
2022-05-12,-0.012699566682695007
2022-05-13,0.006757044854005301
2022-05-16,-0.0002322430821353194
2022-05-17,0.0017791534377868956
2022-05-18,-0.009083560768750054
2022-05-19,-0.0032809966156772674
2022-05-20,0.0003911597937618083
2022-05-23,0.00015642108588131975
2022-05-24,-0.008403080819952002
2022-05-25,0.004014015070429089
2022-05-26,-0.0013362155652911767
2022-05-27,-0.00023598820168579948
2022-05-30,0.0034555912812432865
2022-05-31,0.00882025778300477
2022-06-01,0.011051544144558889
2022-06-02,-0.002154344143222353
2022-06-03,0.007902147069430931
2022-06-06,0.007688539378015058
2022-06-07,0.005369647993637372
2022-06-08,0.012443005905651283
2022-06-09,0.000670216356025044
2022-06-10,0.0006697674668982856
2022-06-13,-0.00014879845277082637
2022-06-14,0.007929785503596243
2022-06-15,-0.012179875784362082
2022-06-16,-0.012254410390696968
2022-06-17,0.02066251082012638
2022-06-20,0.0008887572796547616
2022-06-21,0.011262955382028927
2022-06-22,-0.0025653255538742314
2022-06-23,-0.009808699902825957
2022-06-24,0.0017771200530400932
2022-06-27,0.0019216561715440506
2022-06-28,0.005081947965424938
2022-06-29,0.0033736739002376837
2022-06-30,-0.0062429052230692506
2022-07-01,-0.00398642193355947
2022-07-04,0.0036916757815470547
2022-07-05,0.0013256740783713639
2022-07-06,0.00044150111092378097
2022-07-07,0.00036776875115673846
2022-07-08,0.0007351319892929808
2022-07-10,0.0
2022-07-11,0.009798981515324101
2022-07-12,-0.004083424078578091
2022-07-13,0.004083424078578091
2022-07-14,0.010712320157368005
2022-07-15,-0.0026673410905102557
2022-07-18,-0.0029640361479961186
2022-07-19,0.0004343105388571189
2022-07-20,0.00014472827292077994
2022-07-21,-0.006023895996455586
2022-07-22,-0.009655550107858346
2022-07-25,0.004473624123376041
2022-07-26,0.0018276862930326487
2022-07-27,-0.0026329277259504735
2022-07-28,-0.016763675807879963
2022-07-29,-0.008150491898894607
2022-08-01,-0.011933676366706614
2022-08-02,0.011708408860591213
2022-08-03,0.005243064965672062
2022-08-04,-0.007573805466673633
2022-08-05,0.01583185931536857
2022-08-08,0.0002222469172385999
2022-08-09,0.0009624996115649154
2022-08-10,-0.016866071446777653
2022-08-11,0.0009779216185368256
2022-08-12,0.0036025256614191647
2022-08-15,-0.001199400443634424
2022-08-16,0.006653483970175955
2022-08-17,0.005943112359440228
2022-08-18,0.006423293523228679
2022-08-19,0.007697703051759319
2022-08-22,0.003935865139186312
2022-08-23,-0.005031915813378696
2022-08-24,0.002409727698613473
2022-08-25,-0.004458908743549372
2022-08-26,0.007444746449579931
2022-08-29,0.00847186559364932
2022-08-30,0.0007207726995046571
2022-08-31,0.0012241225651008492
2022-09-01,0.008883852667640468
2022-09-02,0.0
2022-09-05,0.002777878491326824
2022-09-06,0.015527166350387311
2022-09-07,0.006352773642775311
2022-09-08,0.0027103112598636514
2022-09-09,-0.010955763607207736
2022-09-12,0.002172771136902618
2022-09-13,0.011970356587817754
2022-09-14,-0.009732436918231002
2022-09-15,0.002581366766361448
2022-09-16,-0.0042593368167826995
2022-09-19,0.002027193032842156
2022-09-20,0.0036247077187727683
2022-09-21,0.0022240765353567227
2022-09-22,-0.011802225056627869
2022-09-23,0.006791078712706344
2022-09-26,0.009928224016351628
2022-09-27,6.908224243673544e-05
2022-09-28,-0.004153404835514074
2022-09-29,0.002009633052217019
2022-09-30,0.0020746895408603194
2022-10-01,0.0
2022-10-03,-0.0015210179923546008
2022-10-04,-0.003048994115907533
2022-10-05,0.003740652740797934
2022-10-06,0.0033822292811862553
2022-10-07,0.0014460322712519513
2022-10-10,0.002405416781273928
2022-10-11,0.0012348221367339818
2022-10-12,0.007172896826248554
2022-10-13,0.002107912248224153
2022-10-14,0.01027174864459468
2022-10-17,0.0019478126855476674
2022-10-18,0.0015421237425394807
2022-10-19,0.004211940039263062
2022-10-20,0.0016665004023517227
2022-10-21,-0.016791313983058664
2022-10-24,0.008900935366959573
2022-10-25,-0.007073832845478023
2022-10-26,-0.010602967545383812
2022-10-27,-0.0005467842388977573
2022-10-28,0.008034906362287764
2022-10-31,0.008508965439307126
2022-11-01,-0.0028957224180610197
2022-11-02,-0.002566008565777267
2022-11-03,0.0024985663131804614
2022-11-04,-0.01139536172799449
2022-11-07,0.00020463149350025134
2022-11-08,-0.006569067005671059
2022-11-09,0.0053406494622665335
2022-11-10,-0.03821057069191447
2022-11-11,-0.015443218192372932
2022-11-14,0.007822912827426975
2022-11-15,-0.0042268214952354555
2022-11-16,0.0018648692823912683
2022-11-17,0.004504351089847702
2022-11-18,0.0012119917357127363
2022-11-21,0.0125324683449346
2022-11-22,-0.006211200092640645
2022-11-23,-0.011751016535519021
2022-11-24,-0.007045320299404523
2022-11-25,0.0035288647041351595
2022-11-28,-0.0011509136646621343
2022-11-29,-0.0018730644479125758
2022-11-30,-0.004698067981335541
2022-12-01,-0.020198271734384043
2022-12-02,-0.007196677571911003
2022-12-05,0.018005208956456187
2022-12-06,0.0022645102631466685
2022-12-07,-0.0032888756121050022
2022-12-08,0.00036596523738730014
2022-12-09,-0.0006588338878916744
2022-12-12,0.008022798484033089
2022-12-13,-0.015298764878920679
2022-12-14,-0.0007378984986523562
2022-12-15,0.016762827086775012
2022-12-16,-0.007797452514858527
2022-12-19,0.0013890414193760137
2022-12-20,-0.03857802083470219
2022-12-21,0.0058295959469347736
2022-12-22,-0.0010574019112121746
2022-12-23,0.0034701302172779336
2022-12-26,0.0005270092348590438
2022-12-27,0.004655711646077698
2022-12-28,0.007389471952605753
2022-12-29,-0.0109168124705743
2022-12-30,-0.014387647853893348
2023-01-01,0.0
2023-01-02,-0.002902537937542249
2023-01-03,0.0020631956273824414
2023-01-04,0.012290572739570571
2023-01-05,0.005864237540802009
2023-01-06,-0.010020048425810835
2023-01-09,-0.001439666852182775
2023-01-10,0.002801652534878407
2023-01-11,0.0016621339577618244
2023-01-12,-0.02483982656615069
2023-01-13,-0.010424053938378641
2023-01-16,0.005147815751499252
2023-01-17,-0.003194766421655615
2023-01-18,0.00583636534723464
2023-01-19,-0.0035755965028174685
2023-01-20,0.008915133274817855
2023-01-23,0.008377253771884696
2023-01-24,-0.003910897972030369
2023-01-25,-0.004312010993251292
2023-01-26,0.004772911293314586
2023-01-27,-0.0027685936318802007
2023-01-30,0.004533412812361526
2023-01-31,-0.002686832307650988
2023-02-01,-0.008956897190721236
2023-02-02,-0.0021740826949931957
2023-02-03,0.019398653099300667
2023-02-06,0.011219888756694552
2023-02-07,-0.012135150814333251
2023-02-08,0.0024388397120018723
2023-02-09,0.0014452518394394431
2023-02-10,-0.0011408146653097972
2023-02-13,0.007505436847361047
2023-02-14,0.005348210556020305
2023-02-15,0.007484504663921143
2023-02-16,-0.0012684202409447565
2023-02-17,0.001566638389729036
2023-02-20,0.0005961696279115358
2023-02-21,0.005645955121190482
2023-02-22,-0.0006669384070256967
2023-02-23,-0.0014836797973911686
2023-02-24,0.012981447970958904
2023-02-27,-0.0019071376718660105
2023-02-28,0.0
2023-03-01,-0.000293728890347289
2023-03-02,0.004396899946036648
2023-03-03,-0.00660262100794462
2023-03-06,0.0003679582040998497
2023-03-07,0.009009399888961767
2023-03-08,0.0014573013363126108
2023-03-09,-0.008775835172725621
2023-03-10,-0.008557148704544382
2023-03-13,-0.013425022632784334
2023-03-14,0.007778648047617409
2023-03-15,-0.006128111248569823
2023-03-16,0.0023959280703742536
2023-03-17,-0.014538314896100246
2023-03-20,-0.0036488067848843286
2023-03-21,0.0089462310091184
2023-03-22,-0.007956697151019654
2023-03-23,-0.004804585028876929
2023-03-24,-0.0009177820911903112
2023-03-27,0.006634914711911577
2023-03-28,-0.0053349718792636835
2023-03-29,0.015017347066953235
2023-03-30,-0.001431315924797616
2023-03-31,0.001054852418487684
2023-04-01,0.0
2023-04-03,-0.002865763650571118
2023-04-04,-0.00545249362953637
2023-04-05,-0.002889735851215214
2023-04-06,0.003421145998471431
2023-04-07,0.002804200556740355
2023-04-10,0.011063974676420507
2023-04-11,0.00037418148238188564
2023-04-12,-0.003973465512029151
2023-04-13,-0.004215603954590641
2023-04-14,0.009086534189187034
2023-04-17,0.0051448497333961285
2023-04-18,-0.0027555407493400352
2023-04-19,0.00446462531917291
2023-04-20,-0.003421095111178829
2023-04-21,-0.0005961696279115358
2023-04-24,0.0005216678584600842
2023-04-25,-0.0038069691035191866
2023-04-26,-0.00037401354365051986
2023-04-27,0.0020926763989805863
2023-04-28,0.017319654310861132
2023-05-01,0.008766859188867215
2023-05-02,-0.0069340812849727484
2023-05-03,-0.013642776403786527
2023-05-04,-0.0030488962082566573
2023-05-05,0.004162027561366521
2023-05-08,0.0018524698713839882
2023-05-09,0.0009619298532994591
2023-05-10,-0.00645522553194855
2023-05-11,0.001487652758741298
2023-05-12,0.008658703495819431
2023-05-15,0.002943126250703365
2023-05-16,0.0019083975257601082
2023-05-17,0.009487737205109426
2023-05-18,0.0075259057003469465
2023-05-19,-0.005494122111904254
2023-05-22,0.004700786092508125
2023-05-23,-0.00014431055656771719
2023-05-24,0.006330045593629485
2023-05-25,0.0042216799132530625
2023-05-26,0.004061715064898053
2023-05-29,-0.0012808654707843203
2023-05-30,-0.004639054817194399
2023-05-31,-0.0032243068810640096
2023-06-01,-0.003954990234224631
2023-06-02,0.008251759950002047
2023-06-05,-0.002862460806659861
2023-06-06,0.0006447684430126444
2023-06-07,0.003431761429037117
2023-06-08,-0.008601586973842501
2023-06-09,0.0030907481926751856
2023-06-12,0.0018642007262990035
2023-06-13,0.004360108404767971
2023-06-14,-0.0008562255250170736
2023-06-15,0.001284063523557144
2023-06-16,0.01098951114427038
2023-06-19,0.0011275547353895021
2023-06-20,-0.00381060372190678
2023-06-21,0.0031060310160881954
2023-06-22,0.008631935417363401
2023-06-23,0.003975039231105093
2023-06-26,-0.0012535693542137238
2023-06-27,0.0039642573737053155
2023-06-28,0.002703360049319592
2023-06-29,0.0021436235432510387
2023-06-30,-0.0031132198516381493
2023-07-01,0.0
2023-07-03,0.002353105106821296
2023-07-04,-0.0014527345088906074
2023-07-05,0.001314469731621415
2023-07-06,-0.0040180171826493805
2023-07-07,-0.013909985577230444
2023-07-10,-0.005363835289331043
2023-07-11,-0.0066742650484208355
2023-07-12,-0.013411467918841069
2023-07-13,-0.003399272791906327
2023-07-14,0.005058545257146996
2023-07-17,-0.00014417531743493583
2023-07-18,0.0007206688118186477
2023-07-19,0.00617640573066236
2023-07-20,0.002859800333275153
2023-07-21,0.012204792098511774
2023-07-24,-0.0024714908601337626
2023-07-25,-0.0038251799846982237
2023-07-26,-0.0049091201715949495
2023-07-27,-0.005506897521274645
2023-07-28,0.01218875348773274
2023-07-31,0.00797379238075635
2023-08-01,0.007282945356498871
2023-08-02,0.0
2023-08-03,-0.00545723036302892
2023-08-04,-0.005557719465862476
2023-08-07,0.005206879199835868
2023-08-08,0.006156879450478492
2023-08-09,0.002438260987141838
2023-08-10,0.007002975404195588
2023-08-11,0.001587904645155902
2023-08-14,0.003993120624270929
2023-08-15,0.00020610765762896222
2023-08-16,0.005343942561325754
2023-08-17,-0.003559453412421476
2023-08-18,-0.0031593432872396576
2023-08-21,0.00548811146296746
2023-08-22,-0.0019859619607220935
2023-08-23,-0.007223725127714076
2023-08-24,0.007155173285356753
2023-08-25,0.003695091107268844
2023-08-28,0.0008875235264271808
2023-08-29,-0.004582614633696025
2023-08-30,0.0025332936077182566
2023-08-31,-0.004866856780605389
2023-09-01,0.004798473698552463
2023-09-04,0.0015716290091365437
2023-09-05,0.008498538419584811
2023-09-06,-0.0004062838625769061
2023-09-07,-0.002441175688479902
2023-09-08,0.0035242327225297743
2023-09-10,0.0
2023-09-11,-0.008356310726277627
2023-09-12,0.0034053019353672553
2023-09-13,0.0025124788282138155
2023-09-14,0.00013563000156402438
2023-09-15,0.002370552093891476
2023-09-18,-0.0014894051903686645
2023-09-19,0.001759967962581932
2023-09-20,0.003173641206567268
2023-09-21,-0.005069119705300551
2023-09-22,0.005338752332481711
2023-09-25,0.0034314583712928837
2023-09-26,0.001141207790085197
2023-09-27,0.0038837600712477993
2023-09-28,-0.002274857129829222
2023-09-29,0.0004018215966201666
2023-10-01,0.0
2023-10-02,0.003342249100553474
2023-10-03,-0.0055542686370912975
2023-10-04,0.0006708258116994159
2023-10-05,-0.004166392694526344
2023-10-06,0.005506695803628503
2023-10-09,-0.005506695803628503
2023-10-10,0.0013458952233547095
2023-10-11,0.0030216574946484442
2023-10-12,0.004348560122362066
2023-10-13,-0.0016702860071626802
2023-10-16,-0.0003343922452154757
2023-10-17,0.002004678252378156
2023-10-18,0.0008007474069922083
2023-10-19,-0.0009342676688905982
2023-10-20,0.00040050731461160893
2023-10-23,-0.0009347667102499457
2023-10-24,0.001401822598640301
2023-10-25,0.001999200985739691
2023-10-26,0.0011311089399175245
2023-10-27,-0.005200358409503281
2023-10-30,-0.0033478437696841112
2023-10-31,0.0170898862926121
2023-11-01,-0.0047584519104573175
2023-11-02,-0.003384322550711971
2023-11-03,-0.007137884279934781
2023-11-06,0.004675402585696986
2023-11-07,0.0017975438414250533
2023-11-08,0.004181745830321937
2023-11-09,0.002447819686730135
2023-11-10,0.0010566636830482423
2023-11-13,0.0013851788105778695
2023-11-14,-0.008805379810120861
2023-11-15,0.006429611517846823
2023-11-16,-0.004237575036142083
2023-11-17,-0.0072587139873263595
2023-11-20,-0.008456993822868242
2023-11-21,0.00020219039664404193
2023-11-22,0.007653098577717898
2023-11-23,0.00020060851316028305
2023-11-24,-0.0008026756283801006
2023-11-27,-0.005165889855272887
2023-11-28,-0.00803651125931637
2023-11-29,-0.0016286648551231409
2023-11-30,0.00643132569126692
2023-12-01,-0.00935600045071805
2023-12-04,0.0026529725434070173
2023-12-05,-0.0003397316152939922
2023-12-06,0.0010867351473651254
2023-12-07,-0.021892923946954745
2023-12-08,0.005604581354532456
2023-12-10,0.0
2023-12-11,0.008451044835326549
2023-12-12,-0.00500704088013304
2023-12-13,-0.01768975406143003
2023-12-14,-0.0070939718042941635
2023-12-15,0.0019716927731145972
2023-12-18,0.0041419554459123376
2023-12-19,0.007537724131426948
2023-12-20,-0.001809451394941597
2023-12-21,-0.010222031176351898
2023-12-22,0.002179186128281607
2023-12-25,-0.0004916593602111163
2023-12-26,0.00028097780460178967
2023-12-27,-0.0038703823692110007
2023-12-28,-0.0031071277027665545
2023-12-29,-0.0023366978237167046
2024-01-01,-0.0013478525078172154
2024-01-02,0.00784872333902431
2024-01-03,0.009184346117271147
2024-01-04,0.009239064018294663
2024-01-05,0.00020741867533846658
2024-01-08,-0.0029771199335302256
2024-01-09,0.001731962052676117
2024-01-10,0.008683721004315359
2024-01-11,-0.003092679692621836
2024-01-12,-0.002619065526347164
2024-01-14,0.0
2024-01-15,0.005711745218969
2024-01-16,0.009900732952847768
2024-01-17,0.00656894652112161
2024-01-18,0.0
2024-01-19,-6.75014344313496e-05
2024-01-22,-0.000337575535731105
2024-01-23,0.0018215555719782728
2024-01-24,-0.005813576841515733
2024-01-25,0.001016432410057
2024-01-26,0.0034481627079374633
2024-01-29,-0.004532394026457887
2024-01-30,0.0007455352949605754
2024-01-31,-0.00488998529419149
2024-02-01,-0.003136722653684032
2024-02-02,0.013229949744205882
2024-02-05,0.0020199306625574565
2024-02-06,-0.004922298465538155
2024-02-07,0.001620964828789262
2024-02-08,0.007596930550061387
2024-02-09,-6.697699342783636e-05
2024-02-12,0.00026788106241149023
2024-02-13,0.009662554770148546
2024-02-14,-0.001592885449961834
2024-02-15,-0.004260140903519449
2024-02-16,0.001999200985739691
2024-02-19,-0.0006659563378779154
2024-02-20,-0.0007997334648166543
2024-02-21,0.0019315954985001937
2024-02-22,0.0015293064585026883
2024-02-23,-6.644297534119659e-05
2024-02-26,0.0012616622411334433
2024-02-27,-0.0012616622411334433
2024-02-28,0.0011289306242669994
2024-02-29,-0.004590062939954009
2024-03-01,0.0008664067988419788
2024-03-04,0.0026611684921862278
2024-03-05,-0.003127601950584591
2024-03-06,-0.004475475891485559
2024-03-07,-0.009011493396799963
2024-03-08,-0.0065062920131788715
2024-03-10,0.0
2024-03-11,-0.0008843237200908405
2024-03-12,0.0050234305624110576
2024-03-13,0.0004062013460490732
2024-03-14,0.003918129716953267
2024-03-15,0.004708423308036558
2024-03-18,0.0008049369900673398
2024-03-19,0.011400503489421787
2024-03-20,0.0026481313058805966
2024-03-21,0.0023773371825397405
2024-03-22,-0.0012540014183306525
2024-03-25,-6.604365487916652e-05
2024-03-26,0.0009242144835308608
2024-03-27,-0.0015188037389837206
2024-03-28,0.0003303710096460577
2024-03-29,-0.0003964583109947739
2024-04-01,0.002112630349368594
2024-04-02,-0.0005277393090361571
2024-04-03,0.0008574350029002531
2024-04-04,-0.002310155807776937
2024-04-05,0.001848551394555642
2024-04-08,0.0011865525452767756
2024-04-09,-0.0001317696668134971
2024-04-10,0.00918219870450887
2024-04-11,0.0006526563343536296
2024-04-12,6.52422117335405e-05
2024-04-15,0.006437999801297778
2024-04-16,0.002848082707129329
2024-04-17,-0.0021353012092690804
2024-04-18,0.0016180709656312686
2024-04-19,0.0
2024-04-22,0.0013571592221079953
2024-04-23,-0.0001291739328799224
2024-04-24,0.003353111214933868
2024-04-25,0.001993633896115732
2024-04-26,0.017071565625725427
2024-04-29,-0.012712304924109574
2024-04-30,0.009359250822541298
2024-05-01,-0.02132850568561473
2024-05-02,-0.005452788583591328
2024-05-03,-0.004239920248847895
2024-05-06,0.005865883990374243
2024-05-07,0.0052500363644787384
2024-05-08,0.005093991735448888
2024-05-09,-0.00012864218194863497
2024-05-10,0.0016710589401816023
2024-05-12,0.0
2024-05-13,0.003077714663330511
2024-05-14,0.00140745976787926
2024-05-15,-0.009958641845381422
2024-05-16,0.0032876741941914034
2024-05-17,0.0017361673653422116
2024-05-20,0.0037833896808061596
2024-05-21,-0.0005762028393352381
2024-05-22,0.003962679351351639
2024-05-23,0.0010200829701894065
2024-05-24,0.0003822630015974937
2024-05-27,-0.0008284212677063252
2024-05-28,0.0019107069057389126
2024-05-29,0.0027957827335196583
2024-05-30,-0.005025296030838788
2024-05-31,0.0031834994414738915
2024-06-01,0.0
2024-06-03,-0.007721553313027485
2024-06-04,-0.00791077219330294
2024-06-05,0.00791077219330294
2024-06-06,-0.0032082157770956243
2024-06-07,0.007044537617684199
2024-06-10,0.002040036408134327
2024-06-11,0.0003183800848312046
2024-06-12,-0.0022946023198153753
2024-06-13,0.0019762222349841707
2024-06-14,0.0022265348426637743
2024-06-17,0.0021581828866930053
2024-06-18,0.0008873115045346935
2024-06-19,0.0014560189955572511
2024-06-20,0.005173839543112457
2024-06-21,0.005585379608626262
2024-06-24,-0.0012524267402014289
2024-06-25,0.0006264094416801314
2024-06-26,0.006864729903544919
2024-06-27,-0.0003110129717480703
2024-06-28,0.0005597537229835581
2024-07-01,0.0038475906967283535
2024-07-02,-6.194059898501081e-05
2024-07-03,0.001485516490066452
2024-07-04,-0.0026631174194839957
2024-07-05,-0.0032922351692024066
2024-07-08,0.0005598233592536417
2024-07-09,0.0031044356237632798
2024-07-10,0.002229241123818504
2024-07-11,-0.017911671800479034
2024-07-12,-0.005746960779238641
2024-07-15,0.000759734129610834
2024-07-16,0.002086297579880103
2024-07-17,-0.013863497078505205
2024-07-18,0.007718597947990347
2024-07-19,0.0007622435737166811
2024-07-22,-0.0031161588381820593
2024-07-23,-0.009085736569679703
2024-07-24,-0.01105197870934127
2024-07-25,0.0003898635526962124
2024-07-26,-0.0013651879253400168
2024-07-29,0.0018847696737314124
2024-07-30,-0.00814947301305935
2024-07-31,-0.018366110484071996
2024-08-01,-0.004142452639775307
2024-08-02,-0.019061070501649624
2024-08-05,-0.01630526990800618
2024-08-06,0.0009013069560133147
2024-08-07,0.016427050719846292
2024-08-08,0.004014020425151088
2024-08-09,-0.00455953697464917
2024-08-12,0.003948269254322234
2024-08-13,-0.002516922521860643
2024-08-14,0.0033318631442122992
2024-08-15,0.013217536818300957
2024-08-16,-0.011386345014927635
2024-08-19,-0.006867271591011637
2024-08-20,-0.009046734307188053
2024-08-21,6.88444460008597e-05
2024-08-22,0.00686061966478313
2024-08-23,-0.013006411201081924
2024-08-26,0.0010384576377164834
2024-08-27,-0.0039518892212546675
2024-08-28,0.00429780226216625
2024-08-29,0.0028319825523803743
2024-08-30,0.008106110197020122
2024-09-01,0.0
2024-09-02,0.005050171110080548
2024-09-03,-0.009782203394461675
2024-09-04,-0.012033340222229683
2024-09-05,-0.0020197102662633526
2024-09-06,-0.008190168633801953
2024-09-09,0.0063060747091610025
2024-09-10,-0.005182084425741529
2024-09-11,-0.0005618372224480694
2024-09-12,-0.003941723974580036
2024-09-13,-0.006864610658479542
2024-09-16,-0.0015634997144227114
2024-09-17,0.012721019601310779
2024-09-18,-0.0009133383147998941
2024-09-19,0.0024570899370823795
2024-09-20,0.00900435358192464
2024-09-23,-0.0021564475679589634
2024-09-24,-0.0027195721235120374
2024-09-25,0.010696031962493358
2024-09-26,0.0003453634985115528
2024-09-27,-0.01818928854333368
2024-09-30,0.01000673127388918
2024-10-01,-0.0004178564027652598
2024-10-02,0.019999287353517303
2024-10-03,0.003135867318542651
2024-10-04,0.012109879749125696
2024-10-07,-0.0035703497120813665
2024-10-08,6.74832135763026e-05
2024-10-09,0.007395488863411792
2024-10-10,-0.004901806021048394
2024-10-11,0.0038294917302401643
2024-10-14,0.004148828220867706
2024-10-15,-0.003746575600801272
2024-10-16,0.0028780850495015997
2024-10-17,0.0038689928857751354
2024-10-18,-0.004537576182726433
2024-10-21,0.008723211632853278
2024-10-22,0.0015237341051408393
2024-10-23,0.011125489166403213
2024-10-24,-0.006106989463082968
2024-10-25,0.0031566513124943185
2024-10-28,0.006414054321433937
2024-10-29,0.00045657633771067907
2024-10-30,0.00039118529642134803
2024-10-31,-0.009036206063937513
2024-11-01,0.006229324100975653
2024-11-04,-0.005571775418682812
2024-11-05,-0.00348994526676627
2024-11-06,0.01978969327906821
2024-11-07,-0.011054866127307328
2024-11-08,-0.0019636084330016956
2024-11-11,0.007051018309810253
2024-11-12,0.005773425916481223
2024-11-13,0.005483000351440559
2024-11-14,0.005133152111748807
2024-11-15,-0.012299327587053988
2024-11-18,0.0020065381016216577
2024-11-19,0.0
2024-11-20,0.005030970363727683
2024-11-21,-0.005936650332479587
2024-11-22,0.0014874699589810803
2024-11-25,-0.0034309792517426274
2024-11-26,-0.0072240072059273075
2024-11-27,-0.013149433384944231
2024-11-28,0.0029077472245333524
2024-11-29,-0.011882379507668794
2024-12-01,0.0
2024-12-02,-0.0010690186091890652
2024-12-03,0.0
2024-12-04,0.006729096979423588
2024-12-05,-0.0034588301078786188
2024-12-06,-0.00033321115899198617
2024-12-09,0.007702049893187457
2024-12-10,0.005014195370692143
2024-12-11,0.003285154071461349
2024-12-12,0.0011144984272242198
2024-12-13,0.006661031616216562
2024-12-16,0.003313950854455072
2024-12-17,-0.0043558889534072165
2024-12-18,0.00856369577687488
2024-12-19,0.016846953870910397
2024-12-20,-0.006500150340387201
2024-12-23,0.004783630004109085
2024-12-24,0.00012725074777009127
2024-12-25,0.0013986905452734177
2024-12-26,0.0038046970436642624
2024-12-27,-0.0011398899340777646
2024-12-30,-0.006292726946555582
2024-12-31,0.002229229291695667
2025-01-01,-0.001974208569880176
2025-01-02,0.004134997462720946
2025-01-03,-0.0015883608282356576
2025-01-06,0.0020961039211444543
2025-01-07,0.0026614298708080852
2025-01-08,0.002086165690061925
2025-01-09,-0.001327056341867916
2025-01-10,-0.0028496362252852236
2025-01-13,-0.0013961164851776786
2025-01-14,0.0031068724861311736
2025-01-15,-0.009477538104483152
2025-01-16,-0.00866528737956962
2025-01-17,0.007578226493034634
2025-01-20,-0.00455289510055934
2025-01-21,-0.0005786107075831382
2025-01-22,0.006601953280843453
2025-01-23,-0.0030712161833434948
2025-01-24,-0.00044867481443677804
2025-01-27,-0.009598424578393328
2025-01-28,0.00664497138817044
2025-01-29,-0.002059732963010319
2025-01-30,-0.0058158483800037075
2025-01-31,0.005686974096688502
2025-02-01,0.0
2025-02-03,-0.0027748219010979014
2025-02-04,-0.0027177446519655035
2025-02-05,-0.011273048062383495
2025-02-06,-0.007630611949289268
2025-02-07,-0.0002641658977182715
2025-02-10,0.0038893882050210493
2025-02-11,0.003218710697521665
2025-02-12,0.012577962426881584
2025-02-13,-0.010546972768150198
2025-02-14,-0.003015209416012965
2025-02-17,-0.005463595199186599
2025-02-18,0.0036237891739503425
2025-02-19,-0.0038218285844395794
2025-02-20,-0.012222005343605957
2025-02-21,-0.002274857129829222
2025-02-24,0.0028093663962467375
2025-02-25,-0.0046195643361643945
2025-02-26,0.00040254948547602254
2025-02-27,0.004817996472062269
2025-02-28,0.005326244282673365
2025-03-03,-0.007330922535051521
2025-03-04,0.002004678252378156
2025-03-05,-0.006160458749124409
2025-03-06,-0.006266233487776773
2025-03-07,0.000540577079182647
2025-03-10,-0.0052152239848304305
2025-03-11,0.0034572789749720556
2025-03-12,0.0032430269622922836
2025-03-13,-0.0029723726538533057
2025-03-14,0.005465047505341936
2025-03-17,0.003961996923006694
2025-03-18,0.00033504205091094974
2025-03-19,-0.003893406274189992
2025-03-20,0.0006723593341444456
2025-03-21,0.003555976775376557
2025-03-24,0.009200064891491166
2025-03-25,-0.005256341321511648
2025-03-26,0.003861779884222649
2025-03-27,0.002256887781726391
