date,sp500_close_log_d1
2014-01-03,-0.0003275645604439159
2014-01-06,-0.0025148993627878147
2014-01-07,0.006057813160584624
2014-01-08,-0.0002176633844368503
2014-01-09,0.00032647731272694713
2014-01-10,0.0023366401067568265
2014-01-13,-0.01267222551020386
2014-01-14,0.010770722750535922
2014-01-15,0.005152833249303823
2014-01-16,-0.001353436581556955
2014-01-17,-0.003908163254758623
2014-01-20,0.0
2014-01-21,0.0027698592046982995
2014-01-22,0.0005964160992256717
2014-01-23,-0.008929116874283771
2014-01-24,-0.021112755032208552
2014-01-27,-0.0048713666140695056
2014-01-28,0.0060994565306174975
2014-01-29,-0.01026167638728881
2014-01-30,0.011209623038696659
2014-01-31,-0.006486267428566284
2014-02-01,0.0
2014-02-03,-0.02309650121320095
2014-02-04,0.007606339037549814
2014-02-05,-0.0020531545937224616
2014-02-06,0.012368952018663393
2014-02-07,0.013219999837652319
2014-02-10,0.0015569398162891268
2014-02-11,0.011051057322742253
2014-02-12,-0.00027479321983259197
2014-02-13,0.005754859542677071
2014-02-14,0.004797741184219384
2014-02-17,0.0
2014-02-18,0.0011958472915017948
2014-02-19,-0.006540245680609846
2014-02-20,0.005996856002510653
2014-02-21,-0.0019586513334571842
2014-02-24,0.006189280846850553
2014-02-25,-0.0013540230086136473
2014-02-26,5.419613582879901e-05
2014-02-27,0.004919593649671983
2014-02-28,0.0028003680317872925
2014-03-01,0.0
2014-03-03,-0.007449025051879166
2014-03-04,0.015163211268374499
2014-03-05,-5.336606453221204e-05
2014-03-06,0.001706303069420989
2014-03-07,0.0005326231816993321
2014-03-10,-0.00042607584794551734
2014-03-11,-0.0051271208234806576
2014-03-12,0.0003212163419664682
2014-03-13,-0.011791764037050956
2014-03-14,-0.0028204173385364406
2014-03-17,0.009567899147662207
2014-03-18,0.007183091726821078
2014-03-19,-0.006107707173244381
2014-03-20,0.006000875273137529
2014-03-21,-0.002942358682898938
2014-03-24,-0.00488735901273063
2014-03-25,0.004405056814265285
2014-03-26,-0.006992659336246043
2014-03-27,-0.001945105432802352
2014-03-28,0.0046403795565022055
2014-03-31,0.007882289664480013
2014-04-01,0.007025416090304826
2014-04-02,0.002859868488762296
2014-04-03,-0.0011111994158709004
2014-04-04,-0.0126270358279017
2014-04-07,-0.010835393468773935
2014-04-08,0.0037868587314972
2014-04-09,0.010848073731519525
2014-04-10,-0.021105687212325308
2014-04-11,-0.009537454448697691
2014-04-14,0.008172713674057697
2014-04-15,0.006750896719144306
2014-04-16,0.010417604267636937
2014-04-17,0.0013415257840870831
2014-04-18,0.0
2014-04-21,0.0038001490857361153
2014-04-22,0.004051826196949215
2014-04-23,-0.0021838140187079302
2014-04-24,0.001704848574890283
2014-04-25,-0.008124042544090493
2014-04-28,0.0032147477321584628
2014-04-29,0.00474958867089148
2014-04-30,0.0030300637169338174
2014-05-01,-0.000159248348134855
2014-05-02,-0.0013812156891985783
2014-05-05,0.001911944923607245
2014-05-06,-0.009060929703020859
2014-05-07,0.0056061440509520555
2014-05-08,-0.0013852631550821393
2014-05-09,0.0015449777985924174
2014-05-12,0.009641947976253173
2014-05-13,0.0004216962795082768
2014-05-14,-0.004754367117273395
2014-05-15,-0.009416716300780448
2014-05-16,0.003787984362429442
2014-05-19,0.003826738658705864
2014-05-20,-0.006546232696165499
2014-05-21,0.00808343052874494
2014-05-22,0.002380638606158003
2014-05-23,0.004218303117699551
2014-05-26,0.0
2014-05-27,0.005980502559054579
2014-05-28,-0.0010989874722558968
2014-05-29,0.005326661505725028
2014-05-30,0.0018732443816803501
2014-06-01,0.0
2014-06-02,0.0007275373183770473
2014-06-03,-0.0004156707947203797
2014-06-04,0.0019210306782588837
2014-06-05,0.006514344203537803
2014-06-06,0.004575961094148706
2014-06-09,0.0009741841978434529
2014-06-10,-0.0002562722650554239
2014-06-11,-0.0035432804678304786
2014-06-12,-0.00712444933990497
2014-06-13,0.0031554742578089323
2014-06-16,0.0008260196649325646
2014-06-17,0.0021650609003665
2014-06-18,0.007694318544806067
2014-06-19,0.0012766502436099003
2014-06-20,0.0017336329041166554
2014-06-23,-0.00015284677140958713
2014-06-24,-0.00644075221460072
2014-06-25,0.004859966081893652
2014-06-26,-0.0011744582247176227
2014-06-27,0.0019396667813778024
2014-06-30,-0.00040803836126690474
2014-07-01,0.006660759340300748
2014-07-02,0.0006585780019690013
2014-07-03,0.005454558978272295
2014-07-04,0.0
2014-07-07,-0.0038858518276422283
2014-07-08,-0.007104104571794667
2014-07-09,0.004623404653895324
2014-07-10,-0.004114291517962387
2014-07-11,0.0014749640290672161
2014-07-14,0.004816598659650118
2014-07-15,-0.0019238564054546714
2014-07-16,0.0041973309997695996
2014-07-17,-0.01192998386586841
2014-07-18,0.010212724996458977
2014-07-21,-0.0023280540905933345
2014-07-22,0.005003674739237796
2014-07-23,0.0017630025974321173
2014-07-24,0.0005031446647024707
2014-07-25,-0.004891218182473067
2014-07-28,0.0003032447208116684
2014-07-29,-0.004507592022823803
2014-07-30,5.0760133002425434e-05
2014-07-31,-0.020201671423265566
2014-08-01,-0.002852773012816723
2014-08-04,0.007142517813697458
2014-08-05,-0.009743028979128376
2014-08-06,0.0
2014-08-07,-0.005535551238903036
2014-08-08,0.011454878974766491
2014-08-11,0.002740081848806697
2014-08-12,-0.0016017777987463733
2014-08-13,0.006648652245785369
2014-08-14,0.004356858682043607
2014-08-15,-5.114697083175024e-05
2014-08-18,0.008454771765777691
2014-08-19,0.005008484402927671
2014-08-20,0.002469697079503841
2014-08-21,0.002965645944474682
2014-08-22,-0.002009646978610835
2014-08-25,0.004766333685385815
2014-08-26,0.0010505516361790646
2014-08-27,4.9998750041746476e-05
2014-08-28,-0.001701361499272247
2014-08-29,0.0033499193848119946
2014-09-01,0.0
2014-09-02,-0.0005492173790599963
2014-09-03,-0.0007994004922334819
2014-09-04,-0.0015006005216839924
2014-09-05,0.00499326947484624
2014-09-08,-0.003092888826904283
2014-09-09,-0.00656660421211086
2014-09-10,0.0036645707534221916
2014-09-11,0.000901532666490068
2014-09-12,-0.006025627069123574
2014-09-15,-0.000705360770881458
2014-09-16,0.007481644699975476
2014-09-17,0.0012998052122464854
2014-09-18,0.004884136297733432
2014-09-19,-0.0004972897809976118
2014-09-22,-0.00804059567020654
2014-09-23,-0.00578312441275719
2014-09-24,0.0077868319408246345
2014-09-25,-0.016295797380131538
2014-09-26,0.008508965439306904
2014-09-29,-0.002524871310528254
2014-09-30,-0.002784741426432813
2014-10-01,-0.013321621021569086
2014-10-02,0.0
2014-10-03,0.011088230925155429
2014-10-06,-0.001576525360220682
2014-10-07,-0.015231454237721653
2014-10-08,0.01731600643268516
2014-10-09,-0.020888085917506904
2014-10-10,-0.011527655495252809
2014-10-13,-0.01661062313188144
2014-10-14,0.0015989769956197275
2014-10-15,-0.008127952345050815
2014-10-16,0.00016106085450751095
2014-10-17,0.012801540301884518
2014-10-20,0.009074663941203931
2014-10-21,0.019400915380019534
2014-10-22,-0.007341569527455127
2014-10-23,0.012223262632022669
2014-10-24,0.007049117404871574
2014-10-27,-0.0015281954988769497
2014-10-28,0.011858447379398562
2014-10-29,-0.001361127425125619
2014-10-30,0.006235876380353722
2014-10-31,0.011613258837035234
2014-11-01,0.0
2014-11-03,-9.911293927533649e-05
2014-11-04,-0.0028288562004774587
2014-11-05,0.005699150643979745
2014-11-06,0.003748647972687591
2014-11-07,0.00034456449849884496
2014-11-10,0.003144811200717079
2014-11-11,0.0006866111108388973
2014-11-12,-0.000735672805930343
2014-11-13,0.0005395463037082271
2014-11-14,0.00024515211811637627
2014-11-17,0.0007350959631206022
2014-11-18,0.005130596874074023
2014-11-19,-0.001512011018459103
2014-11-20,0.001999269226218625
2014-11-21,0.005198855331264518
2014-11-24,0.0028551399782137388
2014-11-25,-0.0011604294890817934
2014-11-26,0.0028020695661318262
2014-11-27,0.0
2014-11-28,-0.002511835926015893
2014-12-01,-0.006891558457020053
2014-12-02,0.0064077889153904
2014-12-03,0.003719002571845098
2014-12-04,-0.001157686685662962
2014-12-05,0.0016878455047413254
2014-12-08,-0.007302302922764903
2014-12-09,-0.00024271255671182157
2014-12-10,-0.016496127759595858
2014-12-11,0.004530465226727842
2014-12-12,-0.016346708360229556
2014-12-15,-0.006362906309408944
2014-12-16,-0.008530450739371753
2014-12-17,0.020173305557163013
2014-12-18,0.02371186914708301
2014-12-19,0.004598376891909894
2014-12-22,0.003759765346713073
2014-12-23,0.0017785473479603464
2014-12-24,-0.0001440887589245765
2014-12-25,0.0
2014-12-26,0.003308800103191234
2014-12-29,0.0008613677136874998
2014-12-30,-0.004938992034269729
2014-12-31,-0.010340254481638222
2015-01-01,0.0
2015-01-02,-0.0003400451807074045
2015-01-05,-0.01843731740835941
2015-01-06,-0.008948160719929321
2015-01-07,0.0115677099752034
2015-01-08,0.01771083475731461
2015-01-09,-0.008424895823004874
2015-01-12,-0.008101981418473625
2015-01-13,-0.002616445596996475
2015-01-14,-0.005800279008570275
2015-01-15,-0.00929077612063689
2015-01-16,0.013309934531682277
2015-01-18,0.0
2015-01-19,0.0
2015-01-20,0.0015339323624260492
2015-01-21,0.004735371153250623
2015-01-22,0.015188434481237745
2015-01-23,-0.005540718913522702
2015-01-26,0.0025797673048161274
2015-01-27,-0.013507766679476063
2015-01-28,-0.013542881293569065
2015-01-29,0.009444818432370106
2015-01-30,-0.013047344093789603
2015-02-01,0.0
2015-02-02,0.012849422272262712
2015-02-03,0.014346320536227197
2015-02-04,-0.00415496137282334
2015-02-05,0.010234007449205551
2015-02-06,-0.003399711870902933
2015-02-09,-0.004290387352529512
2015-02-10,0.010643309958299652
2015-02-11,-4.8343042237108946e-05
2015-02-12,0.009622398035763813
2015-02-13,0.004061646964690024
2015-02-15,0.0
2015-02-16,0.0
2015-02-17,0.0015724397493415143
2015-02-18,-0.00028571428765789
2015-02-19,-0.0010959949632988186
2015-02-20,0.006131635057962437
2015-02-23,-0.00028436019148958547
2015-02-24,0.0027454338933444733
2015-02-25,-0.0007566085384816956
2015-02-26,-0.0015149366150682964
2015-02-27,-0.002941736795946892
2015-03-01,0.0
2015-03-02,0.006111011698654134
2015-03-03,-0.004544171409442965
2015-03-04,-0.004421945726190812
2015-03-05,0.0011906180713548986
2015-03-06,-0.014236992383523273
2015-03-09,0.003902961082392742
2015-03-10,-0.017072875648894037
2015-03-11,-0.001958672646557358
2015-03-12,0.012518124549164567
2015-03-13,-0.006069010932718832
2015-03-16,0.01344769455128414
2015-03-17,-0.0033209030640486414
2015-03-18,0.012075473772148126
2015-03-19,-0.004870139496042647
2015-03-20,0.008957986238056437
2015-03-23,-0.0017566770096094642
2015-03-24,-0.006148878974399197
2015-03-25,-0.01464169103300128
2015-03-26,-0.0023802017406335807
2015-03-27,0.002331682781840816
2015-03-30,0.012152927351411713
2015-03-31,-0.008810629682154958
2015-04-01,-0.003973258449283867
2015-04-02,0.0035379395713365236
2015-04-03,0.0
2015-04-06,0.006558032955026438
2015-04-07,-0.002068850120867549
2015-04-08,0.0026934747658006186
2015-04-09,0.004457125588229638
2015-04-10,0.005198781174640454
2015-04-13,-0.0046251125481420186
2015-04-14,0.0016236095443853404
2015-04-15,0.005139931361600181
2015-04-16,-0.0007598062859597299
2015-04-17,-0.011370816700333353
2015-04-20,0.009183152347555845
2015-04-21,-0.0014769995776550138
2015-04-22,0.005088827475203783
2015-04-23,0.0023217807582212036
2015-04-24,0.0022691826500620405
2015-04-27,-0.004164109551817452
2015-04-28,0.0027937608435761874
2015-04-29,-0.003790036752060799
2015-04-30,-0.010161573972234161
2015-05-01,0.010873300888947557
2015-05-04,0.002936442386595739
2015-05-05,-0.011893575024573222
2015-05-06,-0.004460759968937356
2015-05-07,0.003742627083496597
2015-05-08,0.013368101838196256
2015-05-11,-0.005116797064215861
2015-05-12,-0.002949293356549032
2015-05-13,-0.000285877646315158
2015-05-14,0.010712018251525235
2015-05-15,0.0007540412252274864
2015-05-18,0.003057459048203981
2015-05-19,-0.0006577402163365775
2015-05-20,-0.0009403799827844006
2015-05-21,0.002349293943362696
2015-05-22,-0.002208180558523898
2015-05-24,0.0
2015-05-25,0.0
2015-05-26,-0.010353968110132672
2015-05-27,0.009130323379138439
2015-05-28,-0.0012722947785100969
2015-05-29,-0.006338415809388431
2015-06-01,0.0020383501167682283
2015-06-02,-0.0009949542431186842
2015-06-03,0.0021308339620096373
2015-06-04,-0.008693847960245193
2015-06-05,-0.0014324597779618031
2015-06-08,-0.006471583670830894
2015-06-09,0.0004327443269841469
2015-06-10,0.011946431560591164
2015-06-11,0.0017560100380948906
2015-06-12,-0.007042617735612211
2015-06-15,-0.004642822747047082
2015-06-16,0.005692841934777149
2015-06-17,0.0019539167938675828
2015-06-18,0.009854163499270707
2015-06-19,-0.005294018792862842
2015-06-22,0.006048024483627734
2015-06-23,0.0006592889336994867
2015-06-24,-0.007371040744590052
2015-06-25,-0.0029922366717691773
2015-06-26,-0.0003806080259086686
2015-06-29,-0.02111112040187124
2015-06-30,0.0026694509505998942
2015-07-01,0.006907405799810862
2015-07-02,-0.00028886428394014896
2015-07-03,0.0
2015-07-06,-0.0038595184921778047
2015-07-07,0.006023969446612765
2015-07-08,-0.016763958478802188
2015-07-09,0.0022449985026875563
2015-07-10,0.012258202381262406
2015-07-13,0.011014909508791249
2015-07-14,0.004419634139574025
2015-07-15,-0.0007115243522914927
2015-07-16,0.007987376160410564
2015-07-17,0.0010821238911478126
2015-07-20,0.0007990787517723197
2015-07-21,-0.004284880010897996
2015-07-22,-0.0023621686232974115
2015-07-23,-0.005692074945308656
2015-07-24,-0.010760762865378748
2015-07-27,-0.005835138201990886
2015-07-28,0.012305481176168365
2015-07-29,0.007330224644796601
2015-07-30,0.0
2015-07-31,-0.0022789868376754674
2015-08-01,0.0
2015-08-03,-0.0027607233489314043
2015-08-04,-0.0022427418557680046
2015-08-05,0.0031003339803665764
2015-08-06,-0.00774493520980446
2015-08-07,-0.002883785522497906
2015-08-10,0.01272196602564879
2015-08-11,-0.00959824000724252
2015-08-12,0.0009591866832957541
2015-08-13,-0.001295119499892139
2015-08-14,0.0038803373319045154
2015-08-17,0.0051980374080382585
2015-08-18,-0.002619485697591295
2015-08-19,-0.008284496083139192
2015-08-20,-0.021335827436560373
2015-08-21,-0.03234944887455171
2015-08-24,-0.04022177216635581
2015-08-25,-0.013614334935310946
2015-08-26,0.03829148771217894
2015-08-27,0.02403251958759245
2015-08-28,0.000603530672647401
2015-08-31,-0.00843205117097201
2015-09-01,-0.03005887655306627
2015-09-02,0.01817431648281609
2015-09-03,0.001128205247874492
2015-09-04,-0.015443325285183773
2015-09-06,0.0
2015-09-07,0.0
2015-09-08,0.024778937023032466
2015-09-09,-0.014010557962431558
2015-09-10,0.005289794837486372
2015-09-11,0.0044463825075897745
2015-09-14,-0.004087895319667356
2015-09-15,0.012770136145351163
2015-09-16,0.00865762693645511
2015-09-17,-0.002559278777423568
2015-09-18,-0.016311592090605953
2015-09-21,0.004585995298603374
2015-09-22,-0.012430781344324071
2015-09-23,-0.002009533073514036
2015-09-24,-0.0034099748878118064
2015-09-25,-0.0004658988048554802
2015-09-28,-0.025964585705888443
2015-09-29,0.001221487711289715
2015-09-30,0.01887493273787222
2015-10-01,0.001977210696687992
2015-10-02,0.01424466695533444
2015-10-05,0.01807889987796729
2015-10-06,-0.003579625189164104
2015-10-07,0.007998634087559298
2015-10-08,0.008779862845110786
2015-10-09,0.0007447310623975856
2015-10-12,0.0012895547863833734
2015-10-13,-0.00686364974440401
2015-10-14,-0.004752504005007263
2015-10-15,0.014783375677467236
2015-10-16,0.004535378738017237
2015-10-19,0.0002950722948525941
2015-10-20,-0.001426990031790254
2015-10-21,-0.005876995457061329
2015-10-22,0.016505753710405302
2015-10-23,0.010998972235596094
2015-10-26,-0.0019293851248515237
2015-10-27,-0.0025621826397448366
2015-10-28,0.011741629530153896
2015-10-29,-0.00043065292432942215
2015-10-30,-0.004797552859537646
2015-11-01,0.0
2015-11-02,0.01180843170139656
2015-11-03,0.0027053340024418837
2015-11-04,-0.003561172776628263
2015-11-05,-0.0011422589410077233
2015-11-06,-0.0003334047803024154
2015-11-09,-0.009861729595448843
2015-11-10,0.0014902774192917523
2015-11-11,-0.003223713908814152
2015-11-12,-0.01407448615322704
2015-11-13,-0.011305109343826114
2015-11-16,0.014817993518402517
2015-11-17,-0.001364655636286849
2015-11-18,0.016062270821175284
2015-11-19,-0.0011525164548881195
2015-11-20,0.003836567145995229
2015-11-23,-0.0012452705282747223
2015-11-24,0.001197404171134786
2015-11-25,-9.573958839281804e-05
2015-11-26,0.0
2015-11-27,0.0005743000875720883
2015-11-30,-0.0046517288052655426
2015-12-01,0.010614491242812996
2015-12-02,-0.011047193958764079
2015-12-03,-0.01448282804049661
2015-12-04,0.020332480317404422
2015-12-07,-0.007004442377811393
2015-12-08,-0.0065206597115679
2015-12-09,-0.007783654787066663
2015-12-10,0.002244012844680565
2015-12-11,-0.019584348810945285
2015-12-14,0.00470962375609163
2015-12-15,0.01057742378406823
2015-12-16,0.014429984381743477
2015-12-17,-0.015164324610077773
2015-12-18,-0.017987340718881417
2015-12-21,0.007797988207645878
2015-12-22,0.008768097156701793
2015-12-23,0.01233169430208847
2015-12-24,-0.0015998839860847935
2015-12-25,0.0
2015-12-28,-0.0021857932199801366
2015-12-29,0.010592858245856207
2015-12-30,-0.0072432592500594195
2015-12-31,-0.00949536021854358
2016-01-01,0.0
2016-01-04,-0.015382643210779867
2016-01-05,0.00198540790884405
2016-01-06,-0.013177131020621458
2016-01-07,-0.024000745268193735
2016-01-08,-0.010918325326743306
2016-01-11,0.0008841043818980099
2016-01-12,0.007767230433026073
2016-01-13,-0.0252820987290423
2016-01-14,0.01652670022704794
2016-01-15,-0.021830908281738504
2016-01-17,0.0
2016-01-18,0.0
2016-01-19,0.0005316886556558931
2016-01-20,-0.011762954431067785
2016-01-21,0.00520345566954572
2016-01-22,0.020075358385018394
2016-01-25,-0.015750854168153694
2016-01-26,0.014018797574527841
2016-01-27,-0.010880580589802902
2016-01-28,0.0055079050376384275
2016-01-29,0.02441690583239231
2016-02-01,-0.00041241365673727604
2016-02-02,-0.01894705857429635
2016-02-03,0.004979698404541377
2016-02-04,0.001567398440012746
2016-02-05,-0.018706908316708848
2016-02-08,-0.01424998667140387
2016-02-09,-0.0006476684164222757
2016-02-10,-0.00016198266820866003
2016-02-11,-0.01238809648607997
2016-02-12,0.019329766139667304
2016-02-14,0.0
2016-02-15,0.0
2016-02-16,0.016381602371885906
2016-02-17,0.016325184662632553
2016-02-18,-0.004681900036485054
2016-02-19,0.0
2016-02-22,0.014340317705027528
2016-02-23,-0.012516973186952551
2016-02-24,0.004414330348627704
2016-02-25,0.011284417050872686
2016-02-26,-0.0018975824346757486
2016-02-29,-0.008143955119071178
2016-03-01,0.023578639950637137
2016-03-02,0.004136406220607292
2016-03-03,0.0034674272787023064
2016-03-04,0.00330545700872642
2016-03-07,0.0008995952428360043
2016-03-08,-0.011303528958228837
2016-03-09,0.005039571216242211
2016-03-10,0.00015079544626317443
2016-03-11,0.016252414168103968
2016-03-14,-0.0012865556725382143
2016-03-15,-0.0018337261983828457
2016-03-16,0.005589784780496876
2016-03-17,0.0065883516743300286
2016-03-18,0.004400769901265034
2016-03-21,0.0009753243726436933
2016-03-22,-0.0008777491176509278
2016-03-23,-0.00641137642175138
2016-03-24,-0.0003928694250797671
2016-03-25,0.0
2016-03-28,0.0005401556761743809
2016-03-29,0.008797710703529305
2016-03-30,0.004321548884994808
2016-03-31,-0.002037055704897983
2016-04-01,0.00634000913746835
2016-04-04,-0.003237578029137933
2016-04-05,-0.01016718801291816
2016-04-06,0.010457548061415745
2016-04-07,-0.012072385338270819
2016-04-08,0.002787628654439156
2016-04-11,-0.002738655858817385
2016-04-12,0.009601165451911697
2016-04-13,0.009990189503833014
2016-04-14,0.00019206760838863524
2016-04-15,-0.0010087667482079343
2016-04-18,0.006514993103929223
2016-04-19,0.0030988559040663333
2016-04-20,0.0007613247417594948
2016-04-21,-0.0051980374080382585
2016-04-22,4.781143172261082e-05
2016-04-25,-0.0018184433397775424
2016-04-26,0.0018662524856760676
2016-04-27,0.001671881733628089
2016-04-28,-0.009302392662313586
2016-04-29,-0.005071127237584405
2016-05-01,0.0
2016-05-02,0.0077652499101547034
2016-05-03,-0.008685636537483332
2016-05-04,-0.005978873078417712
2016-05-05,-0.00024380135186696794
2016-05-06,0.0031647907224375826
2016-05-09,0.0007774916568340506
2016-05-10,0.012406328419796941
2016-05-11,-0.009592977708914652
2016-05-12,-0.00019377028593303702
2016-05-13,-0.008514416387556678
2016-05-16,0.00977325261460471
2016-05-17,-0.009480126421680724
2016-05-18,0.00019536973784906042
2016-05-19,-0.0037185677451661014
2016-05-20,0.0060113075967997975
2016-05-23,-0.002097408275663515
2016-05-24,0.013627426523105002
2016-05-25,0.006912138114116284
2016-05-26,-0.00019136009243669871
2016-05-27,0.0042967697157777485
2016-05-29,0.0
2016-05-30,0.0
2016-05-31,-0.0010009295180407607
2016-06-01,0.001096203908356741
2016-06-02,0.0028540189662330517
2016-06-03,-0.002949293356549032
2016-06-06,0.00489486542255313
2016-06-07,0.0012791663475825166
2016-06-08,0.0033087570364238594
2016-06-09,-0.001700279066398136
2016-06-10,-0.009212715933607507
2016-06-13,-0.008143367477171815
2016-06-14,-0.0018293862217282353
2016-06-15,-0.0018327390101581242
2016-06-16,0.0031329101417162386
2016-06-17,-0.003277743221844709
2016-06-20,0.0057770235769222245
2016-06-21,0.0027324386023607206
2016-06-22,-0.0016769282611182046
2016-06-23,0.013290023412613872
2016-06-24,-0.03657622161214058
2016-06-27,-0.01827733585867619
2016-06-28,0.017639064080532507
2016-06-29,0.01689879264992411
2016-06-30,0.013478391923824051
2016-07-01,0.0019039465030878944
2016-07-03,0.0
2016-07-04,0.0
2016-07-05,-0.0068233594092100835
2016-07-06,0.005300492318155325
2016-07-07,-0.0008576329856726517
2016-07-08,0.015138185866623854
2016-07-11,0.003421530839061493
2016-07-12,0.006947548519922964
2016-07-13,0.0001393890117253882
2016-07-14,0.0052824366382084875
2016-07-15,-0.0009709860894658862
2016-07-18,0.0024026255609036484
2016-07-19,-0.0014316394714377623
2016-07-20,0.004242766002956588
2016-07-21,-0.003595965333606843
2016-07-22,0.004515928599961527
2016-07-25,-0.002992980247363497
2016-07-26,0.0003227516914846573
2016-07-27,-0.0011993174554385533
2016-07-28,0.0016141309105606183
2016-07-29,0.0016115296901103582
2016-08-01,-0.0012890159228883258
2016-08-02,-0.006377395800093222
2016-08-03,0.0031475678643166916
2016-08-04,0.00018484288407527583
2016-08-05,0.008603489842768375
2016-08-08,-0.0009166323571364599
2016-08-09,0.00036675377479833404
2016-08-10,-0.0028458662372438104
2016-08-11,0.00472337108183829
2016-08-12,-0.0007780498802075764
2016-08-15,0.00278901947929322
2016-08-16,-0.005494016200072727
2016-08-17,0.0018346945794123215
2016-08-18,0.0021971994557693497
2016-08-19,-0.0014184724060413156
2016-08-22,-0.0005954425917370498
2016-08-23,0.0019681892152880742
2016-08-24,-0.005272460234527654
2016-08-25,-0.0013339775202027004
2016-08-26,-0.0016123463126727078
2016-08-29,0.005242114363251504
2016-08-30,-0.0019740623878788943
2016-08-31,-0.002392455707537211
2016-09-01,0.0
2016-09-02,0.004183048688425006
2016-09-04,0.0
2016-09-05,0.0
2016-09-06,0.002977215069840611
2016-09-07,-0.00013721499324026443
2016-09-08,-0.0022438475356143517
2016-09-09,-0.02483244724185507
2016-09-12,0.014556569432541577
2016-09-13,-0.01493261531457013
2016-09-14,-0.0005643341007558478
2016-09-15,0.010063036873605213
2016-09-16,-0.0037793116254076775
2016-09-19,-4.6747539919289594e-05
2016-09-20,0.00032718689674671175
2016-09-21,0.010830011264949646
2016-09-22,0.00649726959058905
2016-09-23,-0.005757863854235268
2016-09-26,-0.008629542278373536
2016-09-27,0.006409682882771661
2016-09-28,0.00531019648754405
2016-09-29,-0.009392781605999545
2016-09-30,0.007964111178419664
2016-10-01,0.0
2016-10-03,-0.003279827400261226
2016-10-04,-0.0049632497461197245
2016-10-05,0.004268949919575826
2016-10-06,0.000509200335038984
2016-10-07,-0.0032912302278587102
2016-10-10,0.004632425942836749
2016-10-11,-0.012557136444441452
2016-10-12,0.0011693445987364104
2016-10-13,-0.0030900347635995917
2016-10-14,0.00018754688727129487
2016-10-17,-0.0030520037776622377
2016-10-18,0.00614145996340687
2016-10-19,0.00219426311808979
2016-10-20,-0.0014000375630137674
2016-10-21,-4.6701692944961515e-05
2016-10-24,0.004705891037412702
2016-10-25,-0.0037722713262398067
2016-10-26,-0.0017746233583685322
2016-10-27,-0.002995976400680056
2016-10-28,-0.003099030512369705
2016-10-31,-9.406010447610136e-05
2016-11-01,-0.006843038572309168
2016-11-02,-0.006556465904264619
2016-11-03,-0.004394981516659624
2016-11-04,-0.0016770889673204392
2016-11-07,0.021961183311314136
2016-11-08,0.0037929384518301523
2016-11-09,0.011015937933728348
2016-11-10,0.0019395960638733944
2016-11-11,-0.0014312428861166238
2016-11-14,-9.240863103188168e-05
2016-11-15,0.007457568052577468
2016-11-16,-0.001606499783235349
2016-11-17,0.004674618961616139
2016-11-18,-0.002380408539901846
2016-11-21,0.007442786806195145
2016-11-22,0.002135830490874624
2016-11-23,0.0008167710772606362
2016-11-24,0.0
2016-11-25,0.0038931692450641098
2016-11-28,-0.0052548252288724395
2016-11-29,0.0013616559838083298
2016-11-30,-0.002679688216429943
2016-12-01,-0.003508056172870533
2016-12-02,0.000365046775671396
2016-12-05,0.00582269761362908
2016-12-06,0.0033960502652187197
2016-12-07,0.013068559181711237
2016-12-08,0.002183844879070529
2016-12-09,0.005903650322398701
2016-12-12,-0.0011070520337986833
2016-12-13,0.006491952051639327
2016-12-14,-0.008132641509099314
2016-12-15,0.003853569315990013
2016-12-16,-0.0017256259674696128
2016-12-19,0.0019466448654851254
2016-12-20,0.0036617957224899245
2016-12-21,-0.0024691370569212
2016-12-22,-0.001855861961680083
2016-12-23,0.0012376239203497619
2016-12-26,0.0
2016-12-27,0.002250315331773778
2016-12-28,-0.00840936176375573
2016-12-29,-0.0002667140840846294
2016-12-30,-0.004679048665048646
2017-01-01,0.0
2017-01-02,0.0
2017-01-03,0.008450879810242173
2017-01-04,0.005741304469124575
2017-01-05,-0.0007929865167294325
2017-01-06,0.0035195812838979545
2017-01-09,-0.0035636545336462655
2017-01-10,0.0
2017-01-11,0.0028167792929877367
2017-01-12,-0.0021558844173029668
2017-01-13,0.001848185344565878
2017-01-15,0.0
2017-01-16,0.0
2017-01-17,-0.002949919585527816
2017-01-18,0.0017621926230704243
2017-01-19,-0.00361584307880658
2017-01-20,0.0033517120682905466
2017-01-23,-0.0026892995377206796
2017-01-24,0.006556246396153043
2017-01-25,0.007993927029276815
2017-01-26,-0.000739918642710613
2017-01-27,-0.0008711940264390927
2017-01-30,-0.006032014093429461
2017-01-31,-0.0008772315137750564
2017-02-01,0.0003071185721188474
2017-02-02,0.0005262696376178155
2017-02-03,0.007251790112841605
2017-02-06,-0.0020915040303944865
2017-02-07,0.0002180692160329567
2017-02-08,0.0006975020989877789
2017-02-09,0.005735904137068593
2017-02-10,0.0035467165206676254
2017-02-13,0.005210700160474202
2017-02-14,0.004029325182294485
2017-02-15,0.004950082651929422
2017-02-16,-0.000851716259647195
2017-02-17,0.001702707715990348
2017-02-19,0.0
2017-02-20,0.0
2017-02-21,0.006021304712308995
2017-02-22,-0.0010997843839364307
2017-02-23,0.0004231371450600374
2017-02-24,0.0014795716169588857
2017-02-27,0.0010554981875405822
2017-02-28,-0.002619682911120136
2017-03-01,0.013614799763820407
2017-03-02,-0.005902191729471262
2017-03-03,0.0005036726234497468
2017-03-06,-0.0032784158482707104
2017-03-07,-0.002909123623426768
2017-03-08,-0.0022826234707131743
2017-03-09,0.0008037395470644748
2017-03-10,0.0032506624930306316
2017-03-13,0.00037925876436983863
2017-03-14,-0.003418518174356122
2017-03-15,0.008377761758530888
2017-03-16,-0.00163635255847272
2017-03-17,-0.0013446510135962653
2017-03-20,-0.001978240012105781
2017-03-21,-0.012506787294469524
2017-03-22,0.0018753734931276078
2017-03-23,-0.00102249497661
2017-03-24,-0.0008528785165176078
2017-03-27,-0.0010244153192270344
2017-03-28,0.007233766278193499
2017-03-29,0.0010593894670481996
2017-03-30,0.002960333719058239
2017-03-31,-0.002282912972546347
2017-04-01,0.0
2017-04-03,-0.0016520177430806582
2017-04-04,0.0005933460652991496
2017-04-05,-0.0030977513049177396
2017-04-06,0.0019531256208820125
2017-04-07,-0.0008487163675167109
2017-04-10,0.0007214548236625928
2017-04-11,-0.0014434305201964648
2017-04-12,-0.003788286395701057
2017-04-13,-0.006846703968116596
2017-04-14,0.0
2017-04-17,0.008593652579168554
2017-04-18,-0.002899047050875958
2017-04-19,-0.0017092560353183517
2017-04-20,0.007498969951965528
2017-04-21,-0.0030183889427058963
2017-04-24,0.010798555037455526
2017-04-25,0.006046881614892752
2017-04-26,-0.0005025125733885139
2017-04-27,0.0005862401239878912
2017-04-28,-0.0019275095010247156
2017-05-01,0.0017181774787411452
2017-05-02,0.001213516207085874
2017-05-03,-0.0012972612871113842
2017-05-04,0.0005860683355961571
2017-05-05,0.004092889108162856
2017-05-08,4.1677954451868615e-05
2017-05-09,-0.001042470331882872
2017-05-10,0.001125821029993257
2017-05-11,-0.002169379240448799
2017-05-12,-0.0014628134596014197
2017-05-15,0.004756747682261531
2017-05-16,-0.0006662502848990837
2017-05-17,-0.018370737540119086
2017-05-18,0.0036843372822304987
2017-05-19,0.006740557180815676
2017-05-22,0.005151088718741148
2017-05-23,0.0018362412304148146
2017-05-24,0.002498543816673693
2017-05-25,0.004440301931878721
2017-05-26,0.0002898010742923285
2017-05-28,0.0
2017-05-29,0.0
2017-05-30,-0.0012011515930450134
2017-05-31,-0.0004559869086409041
2017-06-01,0.007559052081745343
2017-06-02,0.0036967100341930292
2017-06-05,-0.0012307188950881898
2017-06-06,-0.002795249898304486
2017-06-07,0.0015630144675967683
2017-06-08,0.00028765744306513685
2017-06-09,-0.0008220980403819134
2017-06-12,-0.0009874105961474866
2017-06-13,0.004476669282916901
2017-06-14,-0.0009839695763352863
2017-06-15,-0.0022174779125917476
2017-06-16,0.0002877283863900182
2017-06-19,0.008308313083407848
2017-06-20,-0.006747801904751882
2017-06-21,-0.0005746418907871531
2017-06-22,-0.00045173611166349215
2017-06-23,0.0015596785299304416
2017-06-26,0.00032804363274452353
2017-06-27,-0.008109543259682606
2017-06-28,0.008765307863698002
2017-06-29,-0.008641317865398901
2017-06-30,0.0015279472733752408
2017-07-01,0.0
2017-07-03,0.0023081372047502047
2017-07-04,0.0
2017-07-05,0.0014398850579877553
2017-07-06,-0.009375778570984039
2017-07-07,0.006370238708399367
2017-07-10,0.0009067304746855909
2017-07-11,-0.0007830369869898934
2017-07-12,0.007270966779096777
2017-07-13,0.001881006483870129
2017-07-14,0.004687094639799105
2017-07-17,-8.132726094267628e-05
2017-07-18,0.0006097932989740373
2017-07-19,0.005350207314840816
2017-07-20,-0.0001617076329527567
2017-07-21,-0.0003639378110894542
2017-07-24,-0.001052120524377198
2017-07-25,0.00291085711900263
2017-07-26,0.00028254859014575917
2017-07-27,-0.0009690705757163798
2017-07-28,-0.0013340072721104157
2017-07-31,-0.0007283910972739616
2017-08-01,0.0024259098946830537
2017-08-02,0.0005248390277723392
2017-08-03,-0.002181907205270228
2017-08-04,0.001858961941685111
2017-08-07,0.0016539931559778065
2017-08-08,-0.002421406405264337
2017-08-09,-0.00036371719368810673
2017-08-10,-0.014576211821387353
2017-08-11,0.001270622160907453
2017-08-14,0.0099856141424991
2017-08-15,-0.0004867759304297836
2017-08-16,0.0014191013389717178
2017-08-17,-0.015557366508400228
2017-08-18,-0.0018123408865415858
2017-08-21,0.0011536878082263335
2017-08-22,0.00987530818323934
2017-08-23,-0.0034718711480323794
2017-08-24,-0.002047922075565589
2017-08-25,0.0016796054828319695
2017-08-28,0.00045014630514783605
2017-08-29,0.0008588079456380848
2017-08-30,0.00460858500381478
2017-08-31,0.0057209090363009585
2017-09-01,0.00198047879134422
2017-09-03,0.0
2017-09-04,0.0
2017-09-05,-0.007620010930501242
2017-09-06,0.003127985813683898
2017-09-07,-0.00016225205892894667
2017-09-08,-0.0015020808670156427
2017-09-11,0.010789073239165003
2017-09-12,0.003370383963262835
2017-09-13,0.0007607760282049014
2017-09-14,-0.0011213457322376552
2017-09-15,0.0018415474198314463
2017-09-18,0.0014787876638225894
2017-09-19,0.0011176307394149543
2017-09-20,0.0005982173302491178
2017-09-21,-0.00303466132905017
2017-09-22,0.0006396418224005052
2017-09-25,-0.0022004849944233795
2017-09-26,4.005206769330805e-05
2017-09-27,0.004076907201723823
2017-09-28,0.0012357738113691896
2017-09-29,0.0036981849485400176
2017-10-01,0.0
2017-10-02,0.003842730290705254
2017-10-03,0.0021723254390559887
2017-10-04,0.001222325330114682
2017-10-05,0.005658390671869684
2017-10-06,-0.0010977379861109027
2017-10-09,-0.0018060468199287971
2017-10-10,0.0023158607488908967
2017-10-11,0.0018018728679485285
2017-10-12,-0.0016842604008915352
2017-10-13,0.0009012363220457509
2017-10-16,0.0017218443637294634
2017-10-17,0.0007035372578638732
2017-10-18,0.0007420860769788984
2017-10-19,0.0003122926207212995
2017-10-20,0.0050999662834027015
2017-10-23,-0.003968722379728562
2017-10-24,0.0015971643994349138
2017-10-25,-0.004642733111733133
2017-10-26,0.001250586375276641
2017-10-27,0.008052168372817636
2017-10-30,-0.003220864656018785
2017-10-31,0.0009712321813947211
2017-11-01,0.0015907815642489664
2017-11-02,0.00015506280074495393
2017-11-03,0.0030962173508166657
2017-11-06,0.0012744020724970717
2017-11-07,-0.00019298685819402195
2017-11-08,0.0014657668969526583
2017-11-09,-0.003784518902017142
2017-11-10,-0.0008902824331478154
2017-11-13,0.0009676608523452312
2017-11-14,-0.0022851840995857797
2017-11-15,-0.0055604303856872095
2017-11-16,0.008155068301760715
2017-11-17,-0.002633414890310992
2017-11-20,0.0012788468870733594
2017-11-21,0.006523734317951724
2017-11-22,-0.0007313177516524716
2017-11-23,0.0
2017-11-24,0.002038658269303828
2017-11-27,-0.00038433452950126235
2017-11-28,0.009792749055899441
2017-11-29,-0.0003426548167009269
2017-11-30,0.00815371337592885
2017-12-01,-0.0020416658005141253
2017-12-04,-0.0010602848615244298
2017-12-05,-0.0037198752327195495
2017-12-06,-0.00011409230079495458
2017-12-07,0.0029242563040720038
2017-12-08,0.005483610223897983
2017-12-11,0.003200605198560136
2017-12-12,0.0015401667175567457
2017-12-13,-0.0004880887667531031
2017-12-14,-0.004064128420795288
2017-12-15,0.008934328733765873
2017-12-18,0.005367139234962126
2017-12-19,-0.0032392008515012005
2017-12-20,-0.0008580969429852203
2017-12-21,0.0020134985735410504
2017-12-22,-0.00048436074644298
2017-12-25,0.0
2017-12-26,-0.001044036039500429
2017-12-27,0.0007831292003974699
2017-12-28,0.00182491996792844
2017-12-29,-0.005185514594788998
2018-01-01,0.0
2018-01-02,0.008269127463040093
2018-01-03,0.00639688624052237
2018-01-04,0.0040094957247113205
2018-01-05,0.007023733879307548
2018-01-08,0.001639075928340894
2018-01-09,0.0013093291559567177
2018-01-10,-0.0011273753353342464
2018-01-11,0.007034366726981878
2018-01-12,0.006698141647468736
2018-01-14,0.0
2018-01-15,0.0
2018-01-16,-0.0035235358066958433
2018-01-17,0.009392433270688505
2018-01-18,-0.0016426815106906911
2018-01-19,0.004386362969590829
2018-01-22,0.008044981635499271
2018-01-23,0.002150879692422114
2018-01-24,-0.0005637177332806775
2018-01-25,0.0005989395426286848
2018-01-26,0.011799650219094238
2018-01-29,-0.006775661574618175
2018-01-30,-0.010958724164290778
2018-01-31,0.0004959087629525794
2018-02-01,-0.000637642162665264
2018-02-02,-0.021454593450849435
2018-02-05,-0.041846800496768255
2018-02-06,0.017290849940945985
2018-02-07,-0.004984387644170973
2018-02-08,-0.03827400104330292
2018-02-09,0.014844713625284833
2018-02-12,0.013799597252425855
2018-02-13,0.0025945228790315022
2018-02-14,0.013317365521330893
2018-02-15,0.012007953043489228
2018-02-16,0.00036607241321062745
2018-02-18,0.0
2018-02-19,0.0
2018-02-20,-0.005836485320920404
2018-02-21,-0.005537521533580003
2018-02-22,0.0009990195639684174
2018-02-23,0.015886453016760504
2018-02-26,0.011688421260557025
2018-02-27,-0.012780999124360592
2018-02-28,-0.011176166603959259
2018-03-01,-0.01339164963431172
2018-03-02,0.005028973701088124
2018-03-05,0.01097551713486189
2018-03-06,0.002642688269510085
2018-03-07,-0.0004766356943706196
2018-03-08,0.004464129774447878
2018-03-09,0.017229324416413228
2018-03-12,-0.0012927321536004843
2018-03-13,-0.006380354359216023
2018-03-14,-0.005730051218805432
2018-03-15,-0.0008004657682540994
2018-03-16,0.0017093088736188644
2018-03-19,-0.014309746638690002
2018-03-20,0.0014733510345087408
2018-03-21,-0.0018420282249403952
2018-03-22,-0.025470045137919395
2018-03-23,-0.021178161554505803
2018-03-26,0.02679837890181147
2018-03-27,-0.01745377438103579
2018-03-28,-0.002913218864995626
2018-03-29,0.0136870929475027
2018-03-30,0.0
2018-04-01,0.0
2018-04-02,-0.02259420614531993
2018-04-03,0.01250906367603355
2018-04-04,0.011523011643911119
2018-04-05,0.0068205634169536955
2018-04-06,-0.022137482541302322
2018-04-09,0.0033348057813491483
2018-04-10,0.016584505652883608
2018-04-11,-0.005548126175225265
2018-04-12,0.008216849216026167
2018-04-13,-0.0028945756353014884
2018-04-16,0.008061384838300878
2018-04-17,0.010623776603219559
2018-04-18,0.0008125577547722918
2018-04-19,-0.005738949790518588
2018-04-20,-0.008577021554289521
2018-04-23,7.49007565326032e-05
2018-04-24,-0.013459457837268873
2018-04-25,0.001820250787002542
2018-04-26,0.010365130583232407
2018-04-27,0.0011242693434251327
2018-04-30,-0.008198616815089932
2018-05-01,0.0025269205774730574
2018-05-02,-0.007220520927299079
2018-05-03,-0.0022790301200245056
2018-05-04,0.012733730843598412
2018-05-07,0.003448279278915889
2018-05-08,-0.00026195154046326774
2018-05-09,0.009646796229082044
2018-05-10,0.009334311165111853
2018-05-11,0.0016878260409567414
2018-05-14,0.0008794753031242664
2018-05-15,-0.0068731318994832424
2018-05-16,0.004085469161826616
2018-05-17,-0.0008819314869954464
2018-05-18,-0.0026136106611883703
2018-05-21,0.007344873269136243
2018-05-22,-0.0031516865609046985
2018-05-23,0.00326145002075906
2018-05-24,-0.00201424689514762
2018-05-25,-0.002385716203766597
2018-05-27,0.0
2018-05-28,0.0
2018-05-29,-0.011605689105310013
2018-05-30,0.01259737008570494
2018-05-31,-0.006888576408277669
2018-06-01,0.010772361013855813
2018-06-04,0.004487830208566468
2018-06-05,0.0006914497063885694
2018-06-06,0.008512847772168097
2018-06-07,-0.0006855864738921635
2018-06-08,0.0030994366542915763
2018-06-11,0.001078942740884381
2018-06-12,0.001723890672575612
2018-06-13,-0.00402704413057009
2018-06-14,0.0024828641243062055
2018-06-15,-0.0010067959571806728
2018-06-18,-0.002124786970284509
2018-06-19,-0.004045955956375247
2018-06-20,0.001699850316178475
2018-06-21,-0.006343933838904636
2018-06-22,0.0018529625444529962
2018-06-25,-0.013816009238573845
2018-06-26,0.0022058021516787596
2018-06-27,-0.008667323331439714
2018-06-28,0.006167046263214848
2018-06-29,0.0007728117852011662
2018-07-01,0.0
2018-07-02,0.003048614875166944
2018-07-03,-0.004963336720909983
2018-07-04,0.0
2018-07-05,0.008587523873785252
2018-07-06,0.008441939371744311
2018-07-09,0.008802365637012866
2018-07-10,0.0034420973389837073
2018-07-11,-0.00711235441867375
2018-07-12,0.008721768045514944
2018-07-13,0.0010715052100260802
2018-07-16,-0.0010357698659801962
2018-07-17,0.003994299176459881
2018-07-18,0.002133258293179008
2018-07-19,-0.003950112785584992
2018-07-20,-0.0009632021863779094
2018-07-23,0.0018542295998686953
2018-07-24,0.004762421483003099
2018-07-25,0.00907091722205533
2018-07-26,-0.0030614961890556014
2018-07-27,-0.006576877425017669
2018-07-30,-0.005763704716750251
2018-07-31,0.004876408958371492
2018-08-01,-0.0010302503708929933
2018-08-02,0.004893106241836254
2018-08-03,0.004622857813779246
2018-08-06,0.00354965491241499
2018-08-07,0.0028026924175736934
2018-08-08,-0.0002449222384139915
2018-08-09,-0.0014357504261042209
2018-08-10,-0.007139245009470718
2018-08-13,-0.004031693111408163
2018-08-14,0.006393635231448869
2018-08-15,-0.007634704128223868
2018-08-16,0.007881152630536237
2018-08-17,0.0033035807088706015
2018-08-20,0.002453043001878985
2018-08-21,0.002062901729801281
2018-08-22,-0.0004192286254802724
2018-08-23,-0.001678674241861522
2018-08-24,0.006176197729977462
2018-08-27,0.007623837044228754
2018-08-28,0.00027613820892735674
2018-08-29,0.005678411541243378
2018-08-30,-0.004436732355739936
2018-08-31,0.00013786923125280737
2018-09-01,0.0
2018-09-02,0.0
2018-09-03,0.0
2018-09-04,-0.0016556866256836056
2018-09-05,-0.0028002023379130048
2018-09-06,-0.003641601471760625
2018-09-07,-0.0022261653076973698
2018-09-10,0.001878653488798454
2018-09-11,0.0037467519980338704
2018-09-12,0.0003462124394086885
2018-09-13,0.005282158282787552
2018-09-14,0.0002754251893746229
2018-09-17,-0.005592199322763669
2018-09-18,0.005351206430887601
2018-09-19,0.001238773772536561
2018-09-20,0.007844252119136863
2018-09-21,-0.0003753945953137716
2018-09-24,-0.0035219129940173843
2018-09-25,-0.0013024851884197997
2018-09-26,-0.0032980653778296176
2018-09-27,0.002749142624921763
2018-09-28,0.0
2018-10-01,0.0036310114226285606
2018-10-02,-0.0004103967225863592
2018-10-03,0.0007180837730984546
2018-10-04,-0.008203097259598113
2018-10-05,-0.005529458379363472
2018-10-08,-0.000415944546724889
2018-10-09,-0.0014224506709163975
2018-10-10,-0.03339526709344054
2018-10-11,-0.020783831497682925
2018-10-12,0.014084483577388784
2018-10-15,-0.005908061912272222
2018-10-16,0.021257117060259345
2018-10-17,-0.0002491502210748564
2018-10-18,-0.014485731963731041
2018-10-19,-0.0003612325293047558
2018-10-22,-0.004308712786824653
2018-10-23,-0.005530705798375335
2018-10-24,-0.0313544807166618
2018-10-25,0.01846481765434793
2018-10-26,-0.017486417636507934
2018-10-29,-0.0066039221873915865
2018-10-30,0.015553114147573543
2018-10-31,0.010789271004485124
2018-11-01,0.010528150656269109
2018-11-02,-0.006332957928052885
2018-11-05,0.005566352673943342
2018-11-06,0.00622533273586412
2018-11-07,0.021008798829694753
2018-11-08,-0.002526377062059826
2018-11-09,-0.009234469144168589
2018-11-12,-0.019901877097222354
2018-11-13,-0.0014683212387693878
2018-11-14,-0.0075961868266153365
2018-11-15,0.010530676497519376
2018-11-16,0.0022317762853452106
2018-11-19,-0.016805260062155325
2018-11-20,-0.018303027539680494
2018-11-21,0.0030235481668096087
2018-11-22,0.0
2018-11-23,-0.0065499524278889165
2018-11-26,0.0153791195460653
2018-11-27,0.0032862827394670724
2018-11-28,0.022706467615224768
2018-11-29,-0.0021891427306526268
2018-11-30,0.008148462692527891
2018-12-01,0.0
2018-12-03,0.010881813860720735
2018-12-04,-0.03289614537105723
2018-12-05,0.0
2018-12-06,-0.0015567089874610751
2018-12-07,-0.02357024108996053
2018-12-10,0.0017454660271242206
2018-12-11,-0.0003412645781533108
2018-12-12,0.00540858747691586
2018-12-13,-0.00022634676420763
2018-12-14,-0.01927531869641297
2018-12-17,-0.02098876068319122
2018-12-18,0.00011782957928829774
2018-12-19,-0.015515232469251461
2018-12-20,-0.0159218545209292
2018-12-21,-0.020803371044156527
2018-12-24,-0.027478289866279093
2018-12-25,0.0
2018-12-26,0.048403238994109365
2018-12-27,0.008514123862389256
2018-12-28,-0.0012463565790717945
2018-12-31,0.008452729346165033
2019-01-01,0.0
2019-01-02,0.0012757137753089953
2019-01-03,-0.025052239001185916
2019-01-04,0.033739494888721855
2019-01-07,0.007005696159324781
2019-01-08,0.00964079206542845
2019-01-09,0.0041090107044108315
2019-01-10,0.004477388983623598
2019-01-11,-0.00011554237529476374
2019-01-14,-0.005290711138307147
2019-01-15,0.010668513827537307
2019-01-16,0.00221950190608855
2019-01-17,0.007577957476220809
2019-01-18,0.013077993695393753
2019-01-20,0.0
2019-01-21,0.0
2019-01-22,-0.014254710033796192
2019-01-23,0.0022004713333089176
2019-01-24,0.0013633783592653659
2019-01-25,0.008479257902900161
2019-01-28,-0.00791173173417048
2019-01-29,-0.001438359004937495
2019-01-30,0.015448240915094003
2019-01-31,0.008541981672092969
2019-02-01,0.000887147509483821
2019-02-04,0.0067754429392449245
2019-02-05,0.004686421640504035
2019-02-06,-0.002230633729847442
2019-02-07,-0.009379034124013197
2019-02-08,0.0006649427655420759
2019-02-11,0.0007014046838677013
2019-02-12,0.01279694794126851
2019-02-13,0.003019446789008118
2019-02-14,-0.002655174600804111
2019-02-15,0.010830888483590373
2019-02-17,0.0
2019-02-18,0.0
2019-02-19,0.001512042625263943
2019-02-20,0.001761164980331964
2019-02-21,-0.0035254371358042214
2019-02-22,0.006394159295368462
2019-02-25,0.0012167193026941803
2019-02-26,-0.0007871198975262228
2019-02-27,-0.0005370280994754228
2019-02-28,-0.0028331170665230054
2019-03-01,0.006871649386652301
2019-03-04,-0.003895296625549216
2019-03-05,-0.0011106136385652388
2019-03-06,-0.006581455487646437
2019-03-07,-0.008151776025337565
2019-03-08,-0.0021121639316328267
2019-03-11,0.01454860634952948
2019-03-12,0.0029418116932413696
2019-03-13,0.006925630994690568
2019-03-14,-0.0008541837726183665
2019-03-15,0.004972484051329662
2019-03-18,0.00367790491331621
2019-03-19,-0.00010590415683719989
2019-03-20,-0.0029698791451444606
2019-03-21,0.010811677571822553
2019-03-22,-0.019167430288471454
2019-03-25,-0.0008215606541650544
2019-03-26,0.00715700325729185
2019-03-27,-0.0046586972360584955
2019-03-28,0.003558216108293877
2019-03-29,0.006725927157397393
2019-04-01,0.011505669229348925
2019-04-02,0.0
2019-04-03,0.0021600537960075883
2019-04-04,0.002085941515636014
2019-04-05,0.0046083829240244345
2019-04-08,0.0010710893310419412
2019-04-09,-0.006096312611247878
2019-04-10,0.0034683719563914917
2019-04-11,3.462304163770469e-05
2019-04-12,0.006591117258121892
2019-04-15,-0.0006193015852502537
2019-04-16,0.0005161112850469163
2019-04-17,-0.0023073621945834955
2019-04-18,0.0015847317885739898
2019-04-19,0.0
2019-04-22,0.0010321693673984722
2019-04-23,0.008798865332929173
2019-04-24,-0.002218090281342233
2019-04-25,-0.0003416817609349643
2019-04-26,0.004670914204747412
2019-04-29,0.0010539020846633829
2019-04-30,0.0009509578219699666
2019-05-01,-0.007530489628635895
2019-05-02,-0.002122852266095876
2019-05-03,0.00958544631810243
2019-05-06,-0.004457229951182917
2019-05-07,-0.01664240866012201
2019-05-08,-0.0016309537752536851
2019-05-09,-0.003026036638928087
2019-05-10,0.0037203846740458957
2019-05-13,-0.024415875706822687
2019-05-14,0.007969863130712351
2019-05-15,0.005839535361409576
2019-05-16,0.00883493603200547
2019-05-17,-0.005857961589306404
2019-05-20,-0.006772312144458281
2019-05-21,0.008484431921871982
2019-05-22,-0.002831823173029324
2019-05-23,-0.012010358336095095
2019-05-24,0.0013809466989287422
2019-05-26,0.0
2019-05-27,0.0
2019-05-28,-0.008421476439312015
2019-05-29,-0.006946710357386143
2019-05-30,0.0021177703135737413
2019-05-31,-0.01328299623710838
2019-06-01,0.0
2019-06-03,-0.0028017847856203204
2019-06-04,0.021234822805033415
2019-06-05,0.008135758526876646
2019-06-06,0.006102634598208478
2019-06-07,0.010425507247409094
2019-06-10,0.0046527861715484065
2019-06-11,-0.0003464763391323178
2019-06-12,-0.0020466575525095454
2019-06-13,0.004089134851972043
2019-06-14,-0.0015920814632068847
2019-06-17,0.0009347898269296273
2019-06-18,0.009677217147930461
2019-06-19,0.0029772620934802596
2019-06-20,0.009420716875223833
2019-06-21,-0.0012532391092758832
2019-06-24,-0.0017639680275289837
2019-06-25,-0.009517870817581597
2019-06-26,-0.0012347374322172477
2019-06-27,0.0038022208274490765
2019-06-28,0.005761346837897863
2019-07-01,0.007619277983784256
2019-07-02,0.002930627129070773
2019-07-03,0.007639763736521088
2019-07-04,0.0
2019-07-05,-0.0018041500333203508
2019-07-08,-0.004860643463418413
2019-07-09,0.0012425490642413717
2019-07-10,0.004520576285449884
2019-07-11,0.0022693151737742667
2019-07-12,0.004622786222708397
2019-07-15,0.00016588975005293882
2019-07-16,-0.0034228968500813473
2019-07-17,-0.006546012286666292
2019-07-18,0.0035788983764268867
2019-07-19,-0.006195910438727914
2019-07-22,0.0028180372916442042
2019-07-23,0.006844196652514345
2019-07-24,0.004680428786253188
2019-07-25,-0.005279510212677696
2019-07-26,0.007363705822811539
2019-07-29,-0.001620665488931694
2019-07-30,-0.002585265435132378
2019-07-31,-0.01094511727196723
2019-08-01,-0.009032754371039564
2019-08-02,-0.00730587547159578
2019-08-05,-0.030261275991210645
2019-08-06,0.012957485053107343
2019-08-07,0.0007631205060059099
2019-08-08,0.018584894509446004
2019-08-09,-0.006624802264794116
2019-08-12,-0.012029442776944954
2019-08-13,0.014629957501676616
2019-08-14,-0.02972352892719554
2019-08-15,0.0024612367826903903
2019-08-16,0.01433003968462998
2019-08-19,0.012043363512458827
2019-08-20,-0.007966801520687739
2019-08-21,0.008206195513041692
2019-08-22,-0.0005130573197555943
2019-08-23,-0.02627534174556634
2019-08-26,0.01093365184242967
2019-08-27,-0.003201338943989107
2019-08-28,0.006496349122161238
2019-08-29,0.01262812480333797
2019-08-30,0.0006494505534968553
2019-09-01,0.0
2019-09-02,0.0
2019-09-03,-0.0069263752425261504
2019-09-04,0.010780207408565223
2019-09-05,0.012919115055667785
2019-09-06,0.000906846754675783
2019-09-09,-0.00010072014915096794
2019-09-10,0.0003356943869854412
2019-09-11,0.007190305713752121
2019-09-12,0.0028949358875212106
2019-09-13,-0.0007312614585461841
2019-09-16,-0.003130518425676687
2019-09-17,0.0025650862707840005
2019-09-18,0.00033264586827908005
2019-09-19,3.3258501707766897e-05
2019-09-20,-0.004900908307570839
2019-09-23,-0.00010026905538262909
2019-09-24,-0.008458697050848452
2019-09-25,0.006149729538504012
2019-09-26,-0.002448638540029746
2019-09-27,-0.005320415284583158
2019-09-30,0.005018112744619163
2019-10-01,-0.012337698118156437
2019-10-02,-0.018051898964859925
2019-10-03,0.007933538214220048
2019-10-04,0.014123661241137064
2019-10-07,-0.004481571974240595
2019-10-08,-0.015672743173122505
2019-10-09,0.009049524123477815
2019-10-10,0.0063849982178079134
2019-10-11,0.010899843882292926
2019-10-14,-0.0013812854887162995
2019-10-15,0.00989625480420453
2019-10-16,-0.0020048792093327883
2019-10-17,0.002738995633119412
2019-10-18,-0.003910367443289875
2019-10-21,0.006841455709042599
2019-10-22,-0.0035650661644961446
2019-10-23,0.0028330991368725744
2019-10-24,0.0019285767765224726
2019-10-25,0.004077646585515238
2019-10-28,0.0055427393634843725
2019-10-29,-0.0008228692266889492
2019-10-30,0.003254601225817444
2019-10-31,-0.003024129581040702
2019-11-01,0.009599549513485517
2019-11-04,0.003710217105195257
2019-11-05,-0.001202685057774211
2019-11-06,0.0007152843560163102
2019-11-07,0.0027263892253286404
2019-11-08,0.0025573391727462536
2019-11-11,-0.0019740787304309837
2019-11-12,0.00155370006007427
2019-11-13,0.000711306570777781
2019-11-14,0.0008399832497252291
2019-11-15,0.007688509991361059
2019-11-18,0.0004805767012796558
2019-11-19,-0.0005767197622281728
2019-11-20,-0.003756807603756851
2019-11-21,-0.0016097878556848855
2019-11-22,0.002188677689822338
2019-11-25,0.007463318808091923
2019-11-26,0.0021995195428137215
2019-11-27,0.004162634504020435
2019-11-28,0.0
2019-11-29,-0.004003436859809195
2019-12-01,0.0
2019-12-02,-0.008665260698230925
2019-12-03,-0.0066698061055352476
2019-12-04,0.006316488935463438
2019-12-05,0.0014766783846067444
2019-12-06,0.009100696662651675
2019-12-09,-0.003151915247303849
2019-12-10,-0.0011166947000751382
2019-12-11,0.0029008164935766523
2019-12-12,0.008557625677142466
2019-12-13,6.311736676445356e-05
2019-12-16,0.007106724668620057
2019-12-17,0.0003446169303673585
2019-12-18,-0.0004386239809652803
2019-12-19,0.004471202633746119
2019-12-20,0.0049170733619148255
2019-12-23,0.0008688637051290637
2019-12-24,-0.00018612153790131813
2019-12-25,0.0
2019-12-26,0.005105762023917437
2019-12-27,3.086467384005864e-05
2019-12-30,-0.005788325015545492
2019-12-31,0.0029447797973114476
2020-01-01,0.0
2020-01-02,0.008322336355363502
2020-01-03,-0.007085018701837642
2020-01-06,0.0035487840240457924
2020-01-07,-0.002807127624165906
2020-01-08,0.004899629233909852
2020-01-09,0.006617873964644527
2020-01-10,-0.002874619716521698
2020-01-13,0.006958248235310105
2020-01-14,-0.0014913338024939993
2020-01-15,0.001856219627687672
2020-01-16,0.00832568651743193
2020-01-17,0.0038517139578546633
2020-01-19,0.0
2020-01-20,0.0
2020-01-21,-0.0026464589005408268
2020-01-22,0.0003010869260693383
2020-01-23,0.001113234059577417
2020-01-24,-0.00906213723170124
2020-01-27,-0.015874077422372457
2020-01-28,0.010000390100128653
2020-01-29,-0.0008550140987473309
2020-01-30,0.003141635317942093
2020-01-31,-0.017882858417429315
2020-02-01,0.0
2020-02-03,0.007228500521991199
2020-02-04,0.014878453641907097
2020-02-05,0.011187789144845084
2020-02-06,0.0033231076161408524
2020-02-07,-0.005424453250085781
2020-02-10,0.007305640445446571
2020-02-11,0.0016989825097564193
2020-02-12,0.006412181324251698
2020-02-13,-0.0016288336712433349
2020-02-14,0.001865534068821617
2020-02-16,0.0
2020-02-17,0.0
2020-02-18,-0.0029331181683207586
2020-02-19,0.004706587538324536
2020-02-20,-0.0038464999936449473
2020-02-21,-0.010549941391184037
2020-02-24,-0.03409992624471214
2020-02-25,-0.0307542218244492
2020-02-26,-0.0037792697834380107
2020-02-27,-0.04515795462021255
2020-02-28,-0.008292648229991206
2020-03-01,0.0
2020-03-02,0.04500792710981849
2020-03-03,-0.028490833470137478
2020-03-04,0.041319972659453086
2020-03-05,-0.03451756393606287
2020-03-06,-0.01717768168625633
2020-03-09,-0.07900592418713281
2020-03-10,0.04819010830807979
2020-03-11,-0.05008515260698032
2020-03-12,-0.09996827241605177
2020-03-13,0.08881710411743637
2020-03-16,-0.12765733657068634
2020-03-17,0.058242813256478954
2020-03-18,-0.05322629004863033
2020-03-19,0.0047009966969245864
2020-03-20,-0.044340462291053484
2020-03-23,-0.02972281412886879
2020-03-24,0.08967089861612576
2020-03-25,0.011497414836250552
2020-03-26,0.06053907739744324
2020-03-27,-0.034267410375692475
2020-03-30,0.03297384757166599
2020-03-31,-0.016157548367532137
2020-04-01,-0.045150197805286396
2020-04-02,0.02257269570362297
2020-04-03,-0.015232769219667208
2020-04-06,0.06795564793663034
2020-04-07,-0.0016156002837851569
2020-04-08,0.03350037823801133
2020-04-09,0.014368996997518035
2020-04-10,0.0
2020-04-13,-0.010159686769026122
2020-04-14,0.030139414177831947
2020-04-15,-0.022276434081187846
2020-04-16,0.005803347829631544
2020-04-17,0.026436984301746902
2020-04-20,-0.018042540756071146
2020-04-21,-0.03115471941535053
2020-04-22,0.022653111962376293
2020-04-23,-0.0005359918657557028
2020-04-24,0.013808010669254855
2020-04-27,0.014627920404279182
2020-04-28,-0.005259595189637256
2020-04-29,0.02622976891608242
2020-04-30,-0.009262015321753525
2020-05-01,-0.028453452645875066
2020-05-04,0.004230273872884327
2020-05-05,0.009000078260854583
2020-05-06,-0.0069969499004503
2020-05-07,0.011449440907238317
2020-05-08,0.0167272872804618
2020-05-11,0.00017064555253765157
2020-05-12,-0.02075793449597607
2020-05-13,-0.017609987420071915
2020-05-14,0.011458917804071378
2020-05-15,0.003918692254435641
2020-05-18,0.031011836124132497
2020-05-19,-0.010550057015393577
2020-05-20,0.01652425417824599
2020-05-21,-0.007803961837092421
2020-05-22,0.0023374390289747637
2020-05-24,0.0
2020-05-25,0.0
2020-05-26,0.01224120747082691
2020-05-27,0.01469858410912983
2020-05-28,-0.002110192348869333
2020-05-29,0.0048073849582850325
2020-06-01,0.0037377092694896863
2020-06-02,0.008180604572303407
2020-06-03,0.013572753776596835
2020-06-04,-0.003400054597016755
2020-06-05,0.02588073790073131
2020-06-08,0.011982154778282128
2020-06-09,-0.00782661303099541
2020-06-10,-0.005346018078361547
2020-06-11,-0.0607402204854155
2020-06-12,0.012973011806369339
2020-06-15,0.008284400431399552
2020-06-16,0.018768822559917853
2020-06-17,-0.0035907832497001912
2020-06-18,0.0005779604579070341
2020-06-19,-0.005665555151391333
2020-06-22,0.006499797643463312
2020-06-23,0.0042885555070732995
2020-06-24,-0.026208307349456117
2020-06-25,0.010922656317149393
2020-06-26,-0.024521572026996008
2020-06-29,0.014549190214058871
2020-06-30,0.015308660060150636
2020-07-01,0.005019154065012632
2020-07-02,0.00451496948472041
2020-07-03,0.0
2020-07-06,0.01575384816712
2020-07-07,-0.010877577608913391
2020-07-08,0.007790766540018534
2020-07-09,-0.005631144269584665
2020-07-10,0.010383391643424389
2020-07-13,-0.009400403597947582
2020-07-14,0.013317369044681504
2020-07-15,0.009059696779045945
2020-07-16,-0.0034149857782379556
2020-07-17,0.002825957193321793
2020-07-20,0.008368766514327275
2020-07-21,0.0016899421760170341
2020-07-22,0.0057245346354881654
2020-07-23,-0.012377878137876941
2020-07-24,-0.006231322381277327
2020-07-27,0.007374161998490614
2020-07-28,-0.006503785816717844
2020-07-29,0.012351935698624361
2020-07-30,-0.0037511958632325815
2020-07-31,0.0076412382907236065
2020-08-01,0.0
2020-08-03,0.007158444751188098
2020-08-04,0.0036054636018352237
2020-08-05,0.006421196866689627
2020-08-06,0.006410086348870081
2020-08-07,0.000626818914635674
2020-08-10,0.0027414421651081877
2020-08-11,-0.008006974151504087
2020-08-12,0.013881664676292926
2020-08-13,-0.002043325110895333
2020-08-14,-0.000177877916925695
2020-08-17,0.0027239905515370477
2020-08-18,0.002303672125428591
2020-08-19,-0.004434859292482551
2020-08-20,0.0031655426342285242
2020-08-21,0.0034499569801542673
2020-08-24,0.009987635194814715
2020-08-25,0.0035782376831303697
2020-08-26,0.010141224974208995
2020-08-27,0.0016945992307964008
2020-08-28,0.006692814503268751
2020-08-31,-0.002197395402113722
2020-09-01,0.007513910405394064
2020-09-02,0.0152236496222522
2020-09-03,-0.03573483877463479
2020-09-04,-0.008166157468362467
2020-09-06,0.0
2020-09-07,0.0
2020-09-08,-0.028172544398992416
2020-09-09,0.019968572220499636
2020-09-10,-0.01775001337317983
2020-09-11,0.0005389060338203411
2020-09-14,0.012640513315523627
2020-09-15,0.005217633839357028
2020-09-16,-0.004626704585937169
2020-09-17,-0.00845388794566504
2020-09-18,-0.01123354882082106
2020-09-21,-0.011635437149924321
2020-09-22,0.010459870708081409
2020-09-23,-0.024022521070296454
2020-09-24,0.0029922132296700266
2020-09-25,0.015859524786181023
2020-09-28,0.015970024076205735
2020-09-29,-0.004815250589561337
2020-09-30,0.008210839590699459
2020-10-01,0.005278935121522554
2020-10-02,-0.009629748075890898
2020-10-05,0.017819030005234993
2020-10-06,-0.014092854558348966
2020-10-07,0.017256301836221732
2020-10-08,0.007981167296602809
2020-10-09,0.008752348654330833
2020-10-12,0.016288352354012492
2020-10-13,-0.0063297638284345314
2020-10-14,-0.006628027578413409
2020-10-15,-0.0015490536660369703
2020-10-16,0.000143531742291092
2020-10-19,-0.01646758963535011
2020-10-20,0.004716165946721196
2020-10-21,-0.0021806454626627225
2020-10-22,0.005196626636957857
2020-10-23,0.0034398565477187226
2020-10-26,-0.01875856006955079
2020-10-27,-0.003033116273241987
2020-10-28,-0.03594064119556961
2020-10-29,0.011882651856729654
2020-10-30,-0.012188415503814332
2020-11-01,0.0
2020-11-02,0.012218625615140866
2020-11-03,0.017666716934768623
2020-11-04,0.021784027901163183
2020-11-05,0.019270635738539266
2020-11-06,-0.00028490840387607186
2020-11-09,0.011643355945113232
2020-11-10,-0.0014092448780969047
2020-11-11,0.007642418698008635
2020-11-12,-0.010042702236579437
2020-11-13,0.01353535027772601
2020-11-16,0.011564028424295936
2020-11-17,-0.004809030328286834
2020-11-18,-0.011620099262048544
2020-11-19,0.003944226549192242
2020-11-20,-0.006835334902351775
2020-11-23,0.005634133556717824
2020-11-24,0.01602696165827311
2020-11-25,-0.0015691459634565863
2020-11-26,0.0
2020-11-27,0.0023665393543470525
2020-11-30,-0.004600622448140079
2020-12-01,0.011202753076553273
2020-12-02,0.001800475156979786
2020-12-03,-0.000627070375115224
2020-12-04,0.008797471820469971
2020-12-07,-0.0019212301778939178
2020-12-08,0.0027589209028420214
2020-12-09,-0.007972923590572556
2020-12-10,-0.0012804971167581503
2020-12-11,-0.0012548422182354635
2020-12-14,-0.0043769732030778385
2020-12-15,0.012830292727596282
2020-12-16,0.0017847972503381992
2020-12-17,0.00573839418328892
2020-12-18,-0.003525347102977694
2020-12-21,-0.003916648038568837
2020-12-22,-0.0020590075275728204
2020-12-23,0.0007319751455279189
2020-12-24,0.00354384864538293
2020-12-25,0.0
2020-12-28,0.008684601199550945
2020-12-29,-0.0022512874002482697
2020-12-30,0.001340662487976152
2020-12-31,0.0064369020746624095
2021-01-01,0.0
2021-01-04,-0.014859194114409835
2021-01-05,0.007054797960253989
2021-01-06,0.005672256011121091
2021-01-07,0.01475152214869846
2021-01-08,0.005479465764625546
2021-01-11,-0.006584234796158883
2021-01-12,0.00042100832113289854
2021-01-13,0.0022598879674375905
2021-01-14,-0.003760539847774913
2021-01-15,-0.007218720612922613
2021-01-17,0.0
2021-01-18,0.0
2021-01-19,0.00811411728077216
2021-01-20,0.013829020365439426
2021-01-21,0.0003374476014836869
2021-01-22,-0.0030151037839059036
2021-01-25,0.003611847655801359
2021-01-26,-0.001505516183131217
2021-01-27,-0.026000096234889636
2021-01-28,0.009710617283334555
2021-01-29,-0.019516456069852195
2021-02-01,0.015945637733168372
2021-02-02,0.013789329307079878
2021-02-03,0.0010187423332583823
2021-02-04,0.010776665923486473
2021-02-05,0.0038925099093383153
2021-02-08,0.007382377421991215
2021-02-09,-0.0011243421228392947
2021-02-10,-0.0003324340596519981
2021-02-11,0.0016610662751324057
2021-02-12,0.004687190158686683
2021-02-14,0.0
2021-02-15,0.0
2021-02-16,-0.0005592699131462542
2021-02-17,-0.00033062475663281354
2021-02-18,-0.004410291012802325
2021-02-19,-0.0018668411063202939
2021-02-22,-0.007760343190687413
2021-02-23,0.0012632286189808717
2021-02-24,0.011272343573983878
2021-02-25,-0.024786238005345407
2021-02-26,-0.004737918685652209
2021-03-01,0.023493884942180188
2021-03-02,-0.008105961703960496
2021-03-03,-0.013160137913951875
2021-03-04,-0.013494841201724173
2021-03-05,0.019289991595881073
2021-03-08,-0.005376357036380508
2021-03-09,0.014058204423456955
2021-03-10,0.006019930196572876
2021-03-11,0.010334229070013912
2021-03-12,0.0010148936501501726
2021-03-15,0.006471042019149831
2021-03-16,-0.0015633671044414932
2021-03-17,0.002872696260398211
2021-03-18,-0.014855272167333178
2021-03-19,-0.000613136467615627
2021-03-22,0.007003097238490463
2021-03-23,-0.007667752920201165
2021-03-24,-0.005487474665465175
2021-03-25,0.005231720188367817
2021-03-26,0.016489465448598528
2021-03-29,-0.0008558196253325434
2021-03-30,-0.0031527070012000724
2021-03-31,0.0036058792143935925
2021-04-01,0.011760720080744358
2021-04-02,0.0
2021-04-05,0.014325123327539213
2021-04-06,-0.0009813784246508472
2021-04-07,0.001471706709254672
2021-04-08,0.004231335268463754
2021-04-09,0.007682994272137922
2021-04-12,-0.00019377967311862143
2021-04-13,0.0032891584262930706
2021-04-14,-0.004088896736394121
2021-04-15,0.011018664602598482
2021-04-16,0.003614216646214974
2021-04-19,-0.005318142085773081
2021-04-20,-0.006844884645835103
2021-04-21,0.0092679069307815
2021-04-22,-0.009243722841492774
2021-04-23,0.010871763806336476
2021-04-26,0.0017686851810716497
2021-04-27,-0.0002149433393752176
2021-04-28,-0.0008363302319036592
2021-04-29,0.006742374881497426
2021-04-30,-0.0072205920968664294
2021-05-01,0.0
2021-05-03,0.0027466311347521533
2021-05-04,-0.006700673598085016
2021-05-05,0.0006960863428095987
2021-05-06,0.00812507457044842
2021-05-07,0.007351056317876026
2021-05-10,-0.010497662013046138
2021-05-11,-0.008704569079196034
2021-05-12,-0.02169261334638417
2021-05-13,0.012109499085900532
2021-05-14,0.014819734442313326
2021-05-17,-0.0025428215016025657
2021-05-18,-0.008563451639062913
2021-05-19,-0.0029356483750462292
2021-05-20,0.010489775695028625
2021-05-21,-0.0007696933633145608
2021-05-24,0.009864799260568935
2021-05-25,-0.0021466401412124636
2021-05-26,0.001884520064888262
2021-05-27,0.0011670975136532924
2021-05-28,0.00076145155374574
2021-05-30,0.0
2021-05-31,0.0
2021-06-01,-0.0004996371786409881
2021-06-02,0.0014506369887896664
2021-06-03,-0.00361862077996844
2021-06-04,0.008785733485173308
2021-06-07,-0.0008041247299579446
2021-06-08,0.00018926400018637324
2021-06-09,-0.0018231545615150502
2021-06-10,0.004634235370898798
2021-06-11,0.0019324588296460998
2021-06-14,0.001811232485745995
2021-06-15,-0.0019996007462512733
2021-06-16,-0.0054071416111018955
2021-06-17,-0.0004262574659597007
2021-06-18,-0.013232910096436123
2021-06-21,0.01391956881852785
2021-06-22,0.005099642745165056
2021-06-23,-0.0010838576966425428
2021-06-24,0.0058061115353935655
2021-06-25,0.0033227286279997603
2021-06-28,0.002310035677766109
2021-06-29,0.00027964205998776137
2021-06-30,0.0013272329146112316
2021-07-01,0.00519879556508096
2021-07-02,0.007472187161395638
2021-07-04,0.0
2021-07-05,0.0
2021-07-06,-0.0020239662835057626
2021-07-07,0.0033557078469723667
2021-07-08,-0.008595612268266217
2021-07-09,0.011230901440759222
2021-07-12,0.0034269298576243834
2021-07-13,-0.0035184756076769297
2021-07-14,0.0011665810209613436
2021-07-15,-0.0032744496472691953
2021-07-16,-0.007551375785862957
2021-07-19,-0.016003695976081644
2021-07-20,0.015055751903154446
2021-07-21,0.00820111026111281
2021-07-22,0.0020169152628086717
2021-07-23,0.010092006422020239
2021-07-26,0.0023771532911105453
2021-07-27,-0.004714530820381313
2021-07-28,-0.00020449665492039415
2021-07-29,0.0041951601828527085
2021-07-30,-0.005400267253516278
2021-08-01,0.0
2021-08-02,-0.0018445778073816754
2021-08-03,0.008149597333603431
2021-08-04,-0.004622818629417047
2021-08-05,0.005978414056275971
2021-08-06,0.0016693741469346879
2021-08-09,-0.0009245792132219766
2021-08-10,0.0009921977993432307
2021-08-11,0.0024537127511525814
2021-08-12,0.002941013513483748
2021-08-13,0.001612759062941338
2021-08-16,0.0026151986920175396
2021-08-17,-0.007079041189018698
2021-08-18,-0.010804318291830484
2021-08-19,0.0012491342853602205
2021-08-20,0.00811533134258724
2021-08-23,0.008474247009425895
2021-08-24,0.0014945851962919754
2021-08-25,0.0022265773359839702
2021-08-26,-0.005844186962294495
2021-08-27,0.0087756983447973
2021-08-30,0.004292896770038412
2021-08-31,-0.0013478431030169435
2021-09-01,0.00030950170472987537
2021-09-02,0.0028252971006414995
2021-09-03,-0.0003306768986186537
2021-09-05,0.0
2021-09-06,0.0
2021-09-07,-0.0034012886999090775
2021-09-08,-0.0013061623933348088
2021-09-09,-0.0046184330598963985
2021-09-10,-0.007752582981567224
2021-09-13,0.002262723177055337
2021-09-14,-0.005745207571033806
2021-09-15,0.008426953205771026
2021-09-16,-0.0015411248792591703
2021-09-17,-0.009161603578958344
2021-09-20,-0.017132160526929674
2021-09-21,-0.0008034987059775123
2021-09-22,0.009463144060622763
2021-09-23,0.012075311233272767
2021-09-24,0.0014599362467326849
2021-09-27,-0.0027869570552745415
2021-09-28,-0.020578963317533283
2021-09-29,0.0015840041879029432
2021-09-30,-0.011999682465784867
2021-10-01,0.011426057715357318
2021-10-04,-0.013052452125907665
2021-10-05,0.010455555450053167
2021-10-06,0.004110554282014123
2021-10-07,0.008261680604207067
2021-10-08,-0.0019337745330618716
2021-10-11,-0.0068780619625201656
2021-10-12,-0.0024334822266247613
2021-10-13,0.0030294707829481293
2021-10-14,0.016928182836470906
2021-10-15,0.007430138451137713
2021-10-18,0.0033713290619536984
2021-10-19,0.007350606596978615
2021-10-20,0.0036661628112444333
2021-10-21,0.0029936187886094867
2021-10-22,-0.001077550765637758
2021-10-25,0.004741321962426381
2021-10-26,0.001815934775327932
2021-10-27,-0.005062192369391649
2021-10-28,0.009772598845808833
2021-10-29,0.0019561396400402664
2021-11-01,0.0018006100904683908
2021-11-02,0.003656311203110718
2021-11-03,0.00645774587913972
2021-11-04,0.0041752820085401154
2021-11-05,0.0037109750828423493
2021-11-08,0.0008936931397440784
2021-11-09,-0.00351554123164477
2021-11-10,-0.008251313973896668
2021-11-11,0.000559380393243547
2021-11-12,0.007200905507465993
2021-11-15,-2.1354517014904317e-05
2021-11-16,0.0038577581225869295
2021-11-17,-0.002598621211846952
2021-11-18,0.0033641389305629765
2021-11-19,-0.0013826112279622382
2021-11-22,-0.0032193100963258114
2021-11-23,0.0016642489119058634
2021-11-24,0.0022997816826932915
2021-11-25,0.0
2021-11-26,-0.022999905859061087
2021-11-29,0.013124654607853392
2021-11-30,-0.019149821280924906
2021-12-01,-0.011894413357997902
2021-12-02,0.01410348896026492
2021-12-03,-0.00849108277490851
2021-12-06,0.01167579884242853
2021-12-07,0.020499720939214372
2021-12-08,0.003067748464698594
2021-12-09,-0.0072156238179157395
2021-12-10,0.00951027489063927
2021-12-13,-0.009167530360485676
2021-12-14,-0.007502910582621869
2021-12-15,0.016224670974253286
2021-12-16,-0.0087860160434734
2021-12-17,-0.010356093545835554
2021-12-20,-0.011449094437413265
2021-12-21,0.017619689433706842
2021-12-22,0.010143680890162043
2021-12-23,0.006198016105752657
2021-12-24,0.0
2021-12-27,0.01374404318478506
2021-12-28,-0.001002338874430464
2021-12-29,0.001398820625813313
2021-12-30,-0.0030088407329331712
2021-12-31,-0.002619201279438599
2022-01-01,0.0
2022-01-03,0.006357991886801084
2022-01-04,-0.0006465000590134551
2022-01-05,-0.019570673392223403
2022-01-06,-0.0009577831247151725
2022-01-07,-0.004075498274226597
2022-01-10,-0.0014335692975389058
2022-01-11,0.009122556178201124
2022-01-12,0.00281794773051236
2022-01-13,-0.01436298052026408
2022-01-14,0.0008367393401651491
2022-01-16,0.0
2022-01-17,0.0
2022-01-18,-0.018571962369695827
2022-01-19,-0.00972575971101386
2022-01-20,-0.011114306633587256
2022-01-21,-0.01909838919446538
2022-01-24,0.0027702106725628894
2022-01-25,-0.012251336719230954
2022-01-26,-0.0014931718887885026
2022-01-27,-0.005393955265949435
2022-01-28,0.024069484948878506
2022-01-31,0.018709682391719884
2022-02-01,0.006819637778575638
2022-02-02,0.009391590389908
2022-02-03,-0.024706775762094235
2022-02-04,0.0051459809033584936
2022-02-07,-0.003695298270274927
2022-02-08,0.008350593753669866
2022-02-09,0.014426018948570762
2022-02-10,-0.018281723069372147
2022-02-11,-0.01915613664267246
2022-02-14,-0.003847942065319021
2022-02-15,0.015643739212372942
2022-02-16,0.000880832779215579
2022-02-17,-0.021400503004023408
2022-02-18,-0.0071920421176203675
2022-02-20,0.0
2022-02-21,0.0
2022-02-22,-0.01019465404281572
2022-02-23,-0.01858379019433376
2022-02-24,0.014846059711535409
2022-02-25,0.022126148364756792
2022-02-28,-0.0024456003393256154
2022-03-01,-0.015594426756135649
2022-03-02,0.018470983448989342
2022-03-03,-0.005268565551900917
2022-03-04,-0.007965657901416234
2022-03-07,-0.02996252255053533
2022-03-08,-0.007260127998095056
2022-03-09,0.025373672345635034
2022-03-10,-0.004301081899390491
2022-03-11,-0.013046288284512153
2022-03-14,-0.007448628397104473
2022-03-15,0.02118255114065648
2022-03-16,0.022136998842954725
2022-03-17,0.01227219140450364
2022-03-18,0.011594770446318625
2022-03-21,-0.00043476799985642245
2022-03-22,0.011240769260246308
2022-03-23,-0.012348713151043578
2022-03-24,0.01424203030904514
2022-03-25,0.005053402374178395
2022-03-28,0.007119559648821383
2022-03-29,0.012182027285255526
2022-03-30,-0.006313610350948906
2022-03-31,-0.01577632727939715
2022-04-01,0.0034044855260573215
2022-04-04,0.008058322622632508
2022-04-05,-0.012631155137050154
2022-04-06,-0.009764386222700372
2022-04-07,0.0042443524395114895
2022-04-08,-0.0026545074879775754
2022-04-11,-0.017021333762949453
2022-04-12,-0.0034233936348682104
2022-04-13,0.011112682823132713
2022-04-14,-0.012218479951525474
2022-04-15,0.0
2022-04-18,-0.00020491150171664252
2022-04-19,0.01593004016149746
2022-04-20,-0.0006187189576931651
2022-04-21,-0.014862847316476246
2022-04-22,-0.028131990521030437
2022-04-25,0.005681687572860916
2022-04-26,-0.0285500284302731
2022-04-27,0.002095905140410581
2022-04-28,0.024445646004581212
2022-04-29,-0.03695920232685879
2022-05-01,0.0
2022-05-02,0.005659270037375652
2022-05-03,0.004825441551573162
2022-05-04,0.029425235047606302
2022-05-05,-0.036300723991250505
2022-05-06,-0.005690318260649585
2022-05-09,-0.03256155498687763
2022-05-10,0.002454867109816794
2022-05-11,-0.01660020252052341
2022-05-12,-0.0012968422441890226
2022-05-13,0.023589314531626604
2022-05-16,-0.003954237650276804
2022-05-17,0.019968898134441027
2022-05-18,-0.04123376798543932
2022-05-19,-0.005850892213605574
2022-05-20,0.00014611357151905757
2022-05-23,0.018385022946529217
2022-05-24,-0.008153945948249586
2022-05-25,0.009406385602538814
2022-05-26,0.019688139439344887
2022-05-27,0.024441095491293252
2022-05-29,0.0
2022-05-30,0.0
2022-05-31,-0.006294055196399695
2022-06-01,-0.0075109239121429194
2022-06-02,0.018263262738202668
2022-06-03,-0.016482457202400713
2022-06-06,0.0031324562641237286
2022-06-07,0.009478331934066109
2022-06-08,-0.010852585537420856
2022-06-09,-0.024086469933734644
2022-06-10,-0.029542425335361333
2022-06-13,-0.03953987319895824
2022-06-14,-0.003780844063995259
2022-06-15,0.014487056184644853
2022-06-16,-0.033052215017083775
2022-06-17,0.002198428750710635
2022-06-19,0.0
2022-06-20,0.0
2022-06-21,0.024182488501784505
2022-06-22,-0.0013023811491288395
2022-06-23,0.009487049060657116
2022-06-24,0.030105537080807876
2022-06-27,-0.0029775299301253444
2022-06-28,-0.02034865838324884
2022-06-29,-0.0007120065009615928
2022-06-30,-0.008797814830608708
2022-07-01,0.010498459915642133
2022-07-03,0.0
2022-07-04,0.0
2022-07-05,0.0015829235665798524
2022-07-06,0.0035667473495815116
2022-07-07,0.014853713471199015
2022-07-08,-0.0008305563153685469
2022-07-11,-0.01159442997810567
2022-07-12,-0.009286899019016692
2022-07-13,-0.004466859031662773
2022-07-14,-0.0030031001895847176
2022-07-15,0.019019223492515502
2022-07-18,-0.008398790728860739
2022-07-19,0.02725355801980278
2022-07-20,0.005878503718335093
2022-07-21,0.009813054238448693
2022-07-22,-0.009376269923422553
2022-07-25,0.0013142512363462089
2022-07-26,-0.011610332895749975
2022-07-27,0.02582003453356352
2022-07-28,0.012060363275690156
2022-07-29,0.01410774953829197
2022-08-01,-0.002827038634318768
2022-08-02,-0.006684702509967222
2022-08-03,0.015517460750035461
2022-08-04,-0.0007776471390832373
2022-08-05,-0.001627068995938341
2022-08-08,-0.0012383454103548353
2022-08-09,-0.00425778219834827
2022-08-10,0.021067154907857155
2022-08-11,-0.0007056718966174103
2022-08-12,0.017174074409836315
2022-08-15,0.003961629423932411
2022-08-16,0.0018739092755186704
2022-08-17,-0.007264078640478733
2022-08-18,0.002266944033161078
2022-08-19,-0.012983869381359314
2022-08-22,-0.021632427725287506
2022-08-23,-0.002240309064050372
2022-08-24,0.0029119072513372757
2022-08-25,0.01399321864529024
2022-08-26,-0.034268526748985284
2022-08-29,-0.006688723509264083
2022-08-30,-0.011089367791653482
2022-08-31,-0.007847760257098768
2022-09-01,0.002991727649110265
2022-09-02,-0.010794530441166295
2022-09-04,0.0
2022-09-05,0.0
2022-09-06,-0.004103447209814481
2022-09-07,0.018174804228558994
2022-09-08,0.006589013388979881
2022-09-09,0.015155971507018418
2022-09-12,0.010528639881468793
2022-09-13,-0.044199110119582
2022-09-14,0.003381271704881783
2022-09-15,-0.011382294724738617
2022-09-16,-0.007208044914246647
2022-09-19,0.006833745439536187
2022-09-20,-0.011336124553072757
2022-09-21,-0.017264673789774143
2022-09-22,-0.008463309268931907
2022-09-23,-0.017382826077567914
2022-09-26,-0.010394376865970445
2022-09-27,-0.0021226109775338564
2022-09-28,0.019481144387776483
2022-09-29,-0.021352776272162144
2022-09-30,-0.015181392276393924
2022-10-01,0.0
2022-10-03,0.025554628797407553
2022-10-04,0.03012534086530394
2022-10-05,-0.002020013335064519
2022-10-06,-0.010297920383574244
2022-10-07,-0.028403167167490473
2022-10-10,-0.007520667544619775
2022-10-11,-0.006540572639369913
2022-10-12,-0.0032961833504643323
2022-10-13,0.025634291446896995
2022-10-14,-0.02394716377195172
2022-10-17,0.026135556911906388
2022-10-18,0.011362760181543807
2022-10-19,-0.006694436704711704
2022-10-20,-0.007982718516093223
2022-10-21,0.02344776785243652
2022-10-24,0.01181191705979856
2022-10-25,0.016135765325268947
2022-10-26,-0.007415138056791948
2022-10-27,-0.006101172384332498
2022-10-28,0.024328034575769486
2022-10-31,-0.007482306966126506
2022-11-01,-0.004109694089746929
2022-11-02,-0.02531980282761981
2022-11-03,-0.010642409238983408
2022-11-04,0.013526781457993575
2022-11-07,0.009568061802673444
2022-11-08,0.0055822675939802835
2022-11-09,-0.020996774887090064
2022-11-10,0.0539525042809641
2022-11-11,0.009198359044826798
2022-11-14,-0.008975957665021461
2022-11-15,0.008675381307597485
2022-11-16,-0.008286297872085013
2022-11-17,-0.003094109623737129
2022-11-18,0.004747288330235522
2022-11-21,-0.003891212801476307
2022-11-22,0.013488571921957515
2022-11-23,0.005897283130642528
2022-11-24,0.0
2022-11-25,-0.00028311094412902804
2022-11-28,-0.015564652905563081
2022-11-29,-0.0015931188727940082
2022-11-30,0.030478587582589478
2022-12-01,-0.0008680002702718959
2022-12-02,-0.0011953459028422042
2022-12-05,-0.01805628360207545
2022-12-06,-0.01450384992174869
2022-12-07,-0.001864084916262776
2022-12-08,0.007493612090723856
2022-12-09,-0.007376687214823319
2022-12-12,0.014178262831053834
2022-12-13,0.007263262233261791
2022-12-14,-0.006071158028413182
2022-12-15,-0.025237460791963873
2022-12-16,-0.011200267830704158
2022-12-19,-0.009048278034291535
2022-12-20,0.0010367470114196475
2022-12-21,0.014758594440961836
2022-12-22,-0.014557129502374755
2022-12-23,0.005850906388984445
2022-12-26,0.0
2022-12-27,-0.0040578262550561295
2022-12-28,-0.012093462699049207
2022-12-29,0.01731061896009356
2022-12-30,-0.0025439680351093674
2023-01-01,0.0
2023-01-02,0.0
2023-01-03,-0.004008544390807112
2023-01-04,0.007510674075384749
2023-01-05,-0.011713902384519193
2023-01-06,0.02258384117602641
2023-01-09,-0.0007679298504945642
2023-01-10,0.006954020552451867
2023-01-11,0.012767544131228936
2023-01-12,0.0034101315868826365
2023-01-13,0.003988850553225065
2023-01-15,0.0
2023-01-16,0.0
2023-01-17,-0.0020325261125497818
2023-01-18,-0.015685001660276532
2023-01-19,-0.007667669607520633
2023-01-20,0.01874167155917239
2023-01-23,0.011811328415709088
2023-01-24,-0.0007117296325209743
2023-01-25,-0.00018174643434898385
2023-01-26,0.010947717569977033
2023-01-27,0.0024917027916842027
2023-01-30,-0.013053559781991186
2023-01-31,0.01453628532231832
2023-02-01,0.01039808973521028
2023-02-02,0.014592431217641977
2023-02-03,-0.010408643989372912
2023-02-06,-0.006159416919168992
2023-02-07,0.012790383040919062
2023-02-08,-0.011142539811002772
2023-02-09,-0.008869043032445845
2023-02-10,0.0021928652588765196
2023-02-13,0.011383550959928712
2023-02-14,-0.0002804160812823753
2023-02-15,0.002769285655189302
2023-02-16,-0.013884644172641902
2023-02-17,-0.002771285205904972
2023-02-19,0.0
2023-02-20,0.0
2023-02-21,-0.020244784414123806
2023-02-22,-0.0015747857327714776
2023-02-23,0.0053152734602748275
2023-02-24,-0.010593457421727015
2023-02-27,0.003068304831168156
2023-02-28,-0.003040597685619595
2023-03-01,-0.004736461615270304
2023-03-02,0.007553542016924819
2023-03-03,0.0160188002574142
2023-03-06,0.0006869235239954641
2023-03-07,-0.015445639173959691
2023-03-08,0.0014138210863554601
2023-03-09,-0.018631872945282568
2023-03-10,-0.014583974750190132
2023-03-13,-0.0015108816132591851
2023-03-14,0.016342380801371847
2023-03-15,-0.007005336398235196
2023-03-16,0.01740955128696431
2023-03-17,-0.011080586449227159
2023-03-20,0.008878824909597016
2023-03-21,0.012898635541984893
2023-03-22,-0.016600211922495944
2023-03-23,0.0029800838470392943
2023-03-24,0.005623958124210349
2023-03-27,0.0016455897389302532
2023-03-28,-0.0015750808409298322
2023-03-29,0.014136861145886526
2023-03-30,0.005698994460609397
2023-03-31,0.014333332809426613
2023-04-01,0.0
2023-04-03,0.0036920936495170587
2023-04-04,-0.005813920385208338
2023-04-05,-0.0024954291924701444
2023-04-06,0.0035727397253699777
2023-04-07,0.0
2023-04-10,0.0009958450470122227
2023-04-11,-4.137234502699094e-05
2023-04-12,-0.004143458650798459
2023-04-13,0.013175446748329822
2023-04-14,-0.0020714988104919563
2023-04-17,0.0033007789687631295
2023-04-18,0.0008547842551525076
2023-04-19,-8.424204429147153e-05
2023-04-20,-0.005970339945819525
2023-04-21,0.0009027859909251923
2023-04-24,0.0008512120612240714
2023-04-25,-0.01593714559496795
2023-04-26,-0.003848609877111553
2023-04-27,0.019377167380001836
2023-04-28,0.008219359612570587
2023-05-01,-0.0003862138497274792
2023-05-02,-0.011653897528004054
2023-05-03,-0.007022889090581241
2023-05-04,-0.007244906241251403
2023-05-05,0.01830615916806866
2023-05-08,0.0004519981658630545
2023-05-09,-0.004589891663840939
2023-05-10,0.004473890233026578
2023-05-11,-0.001698060217456554
2023-05-12,-0.0015845521626198789
2023-05-15,0.0029538685652346075
2023-05-16,-0.006398135861993337
2023-05-17,0.011820660164447938
2023-05-18,0.009400774284705982
2023-05-19,-0.0014469557460590199
2023-05-22,0.00015504597144100352
2023-05-23,-0.011285515564489979
2023-05-24,-0.007345550785867072
2023-05-25,0.008719564785563128
2023-05-26,0.012964582735313535
2023-05-28,0.0
2023-05-29,0.0
2023-05-30,1.664492918207472e-05
2023-05-31,-0.006127372232971551
2023-06-01,0.009806229149665224
2023-06-02,0.014429789652143699
2023-06-05,-0.0020055732655681613
2023-06-06,0.0023511165774900977
2023-06-07,-0.0038192757067674332
2023-06-08,0.006169535247096958
2023-06-09,0.0011474737636887333
2023-06-12,0.009277902665684401
2023-06-13,0.006908664883365834
2023-06-14,0.0008190720692196063
2023-06-15,0.012104580063652781
2023-06-16,-0.0036783763376506684
2023-06-18,0.0
2023-06-19,0.0
2023-06-20,-0.004746380368690684
2023-06-21,-0.0052590818461863975
2023-06-22,0.0037038857650539825
2023-06-23,-0.007688274822307051
2023-06-26,-0.004496875789265831
2023-06-27,0.011390657230512025
2023-06-28,-0.00035407246519958413
2023-06-29,0.004463550205314526
2023-06-30,0.012194363266362362
2023-07-01,0.0
2023-07-03,0.0011700018289602099
2023-07-04,0.0
2023-07-05,-0.0019702536362673495
2023-07-06,-0.007954065287478107
2023-07-07,-0.00286929261360247
2023-07-10,0.002402231733023008
2023-07-11,0.006719588071619986
2023-07-12,0.007383817501052992
2023-07-13,0.008434509266769696
2023-07-14,-0.0010249061954503702
2023-07-17,0.0038479435973797216
2023-07-18,0.00709207986613225
2023-07-19,0.0023550834835142087
2023-07-20,-0.006779806181851367
2023-07-21,0.0003241023001050447
2023-07-24,0.004025974035341662
2023-07-25,0.0028107581456502384
2023-07-26,-0.00015545953102225063
2023-07-27,-0.006445427491141187
2023-07-28,0.00982941450876762
2023-07-31,0.0014676396864563568
2023-08-01,-0.0026686495524479437
2023-08-02,-0.013936235197657298
2023-08-03,-0.002551225527671397
2023-08-04,-0.005314091027456502
2023-08-07,0.008983583955258778
2023-08-08,-0.004227192022498105
2023-08-09,-0.00706363640400709
2023-08-10,0.0002506562955826297
2023-08-11,-0.0010702036647138868
2023-08-14,0.005733913274737379
2023-08-15,-0.01161806073636562
2023-08-16,-0.007584130338210482
2023-08-17,-0.0077427623561250325
2023-08-18,-0.00014874022775512863
2023-08-21,0.006855621481266949
2023-08-22,-0.002781282092229942
2023-08-23,0.010984339030271295
2023-08-24,-0.013549420207499274
2023-08-25,0.00669552331547818
2023-08-28,0.006245056511156699
2023-08-29,0.014404107984150816
2023-08-30,0.003825802169907133
2023-08-31,-0.001598221681660572
2023-09-01,0.001797543103615018
2023-09-03,0.0
2023-09-04,0.0
2023-09-05,-0.004203010869610058
2023-09-06,-0.006995992744252888
2023-09-07,-0.003216468205008427
2023-09-08,0.0014255841976646977
2023-09-11,0.006701012782986515
2023-09-12,-0.005712155841120614
2023-09-13,0.0012408533465713134
2023-09-14,0.008394550741111617
2023-09-15,-0.012234084667107625
2023-09-18,0.000721036436838407
2023-09-19,-0.0021534195529617772
2023-09-20,-0.009439204623110209
2023-09-21,-0.016536873951467967
2023-09-22,-0.002298250965940385
2023-09-25,0.004015021275818764
2023-09-26,-0.01484412871796148
2023-09-27,0.00022929233000645866
2023-09-28,0.005875776887473094
2023-09-29,-0.0027131686755152984
2023-10-01,0.0
2023-10-02,7.928697692216602e-05
2023-10-03,-0.0138394101614836
2023-10-04,0.008077093787000056
2023-10-05,-0.0013048673867470661
2023-10-06,0.011745628333713398
2023-10-09,0.006284032081045332
2023-10-10,0.0051944583608865
2023-10-11,0.004283828654568778
2023-10-12,-0.006265948885271433
2023-10-13,-0.005031477449688904
2023-10-16,0.010538619453747788
2023-10-17,-9.832133478004934e-05
2023-10-18,-0.013490386223826256
2023-10-19,-0.008519009694152535
2023-10-20,-0.012665186185757848
2023-10-23,-0.0016869643388468525
2023-10-24,0.0072394913997593235
2023-10-25,-0.014443397939347014
2023-10-26,-0.011903071819740818
2023-10-27,-0.004811871761208675
2023-10-30,0.01193854494797053
2023-10-31,0.0064540892074658185
2023-11-01,0.01045118067973716
2023-11-02,0.01868295643073581
2023-11-03,0.009349869637437003
2023-11-06,0.0017514263468032532
2023-11-07,0.002836115693239938
2023-11-08,0.001004433287355777
2023-11-09,-0.008116762182438286
2023-11-10,0.01549572865098603
2023-11-13,-0.0008360910851978876
2023-11-14,0.018895282757298126
2023-11-15,0.0015958076771482865
2023-11-16,0.0011896413835668085
2023-11-17,0.0012812755985167623
2023-11-20,0.0073631338909270205
2023-11-21,-0.002022988790832292
2023-11-22,0.004052866464977489
2023-11-23,0.0
2023-11-24,0.0005967555980326278
2023-11-27,-0.001956142216800183
2023-11-28,0.0009796471418228592
2023-11-29,-0.0009466837674252382
2023-11-30,0.003776991191685397
2023-12-01,0.005856541700615336
2023-12-04,-0.005423166555119652
2023-12-05,-0.0005691170958781466
2023-12-06,-0.003913779111384352
2023-12-07,0.00793661041331295
2023-12-08,0.004087074621006659
2023-12-11,0.003916851675081157
2023-12-12,0.004588758060085629
2023-12-13,0.013558420429298224
2023-12-14,0.00264357337426091
2023-12-15,-7.62813681010055e-05
2023-12-18,0.004518097487249406
2023-12-19,0.005849255234901429
2023-12-20,-0.014793144174520156
2023-12-21,0.010248790092494131
2023-12-22,0.0016587067997895222
2023-12-25,0.0
2023-12-26,0.004222736399950078
2023-12-27,0.0014294192776815873
2023-12-28,0.00037010203319920443
2023-12-29,-0.0028304729998547273
2024-01-01,0.0
2024-01-02,-0.005676660892965479
2024-01-03,-0.008048614308974633
2024-01-04,-0.003434296699869499
2024-01-05,0.0018240092336747615
2024-01-08,0.014015987132365071
2024-01-09,-0.0014789856520085465
2024-01-10,0.005649939819611038
2024-01-11,-0.0006712890360400792
2024-01-12,0.000750726451940853
2024-01-15,0.0
2024-01-16,-0.003738298623244596
2024-01-17,-0.005632727126755777
2024-01-18,0.008766724739532439
2024-01-19,0.01223828387022996
2024-01-22,0.0021918970535106386
2024-01-23,0.002917131506229742
2024-01-24,0.0008116591682758578
2024-01-25,0.005246506091991732
2024-01-26,-0.0006520097562343619
2024-01-29,0.0075283737614564306
2024-01-30,-0.0006008383499371828
2024-01-31,-0.01623678796398731
2024-02-01,0.012416277903485762
2024-02-02,0.010627786351803392
2024-02-05,-0.0031914641356152185
2024-02-06,0.002307761728426172
2024-02-07,0.008207666921330903
2024-02-08,0.0005704010073628307
2024-02-09,0.005725975590860299
2024-02-12,-0.0009494002275556301
2024-02-13,-0.0137686247612121
2024-02-14,0.009534129096895327
2024-02-15,0.0058043999917947176
2024-02-16,-0.004815012341991665
2024-02-19,0.0
2024-02-20,-0.006023414477222433
2024-02-21,0.0012633935945864927
2024-02-22,0.020902891694828174
2024-02-23,0.00034788317372647093
2024-02-26,-0.00379393524610272
2024-02-27,0.0017048185442891661
2024-02-28,-0.0016594504761031637
2024-02-29,0.005215420393340109
2024-03-01,0.007975925057791988
2024-03-04,-0.0011939974324692848
2024-03-05,-0.010245348981574587
2024-03-06,0.005127959537251536
2024-03-07,0.010251382881397486
2024-03-08,-0.006549938065645522
2024-03-11,-0.0011228682551798208
2024-03-12,0.01113949736401243
2024-03-13,-0.0019263915718688018
2024-03-14,-0.0028752059156684773
2024-03-15,-0.006503996116926647
2024-03-18,0.006298168875158883
2024-03-19,0.005633283131889932
2024-03-20,0.008864697827341006
2024-03-21,0.0032313725131380977
2024-03-22,-0.001403246406415315
2024-03-25,-0.003059595569941953
2024-03-26,-0.0028037482252576407
2024-03-27,0.008593565940708148
2024-03-28,0.0011158887706705922
2024-03-29,0.0
2024-04-01,-0.0020155996658248743
2024-04-02,-0.007265395734467495
2024-04-03,0.0010904938060491975
2024-04-04,-0.012410983057457692
2024-04-05,0.01103807256965661
2024-04-08,-0.0003747574930497155
2024-04-09,0.0014444457627020846
2024-04-10,-0.009501978333887218
2024-04-11,0.0074172372058718405
2024-04-12,-0.014657607029448405
2024-04-15,-0.012094130563305772
2024-04-16,-0.002058690186348633
2024-04-17,-0.005797336366096584
2024-04-18,-0.0022106328639261985
2024-04-19,-0.00879710233654607
2024-04-22,0.008693327734887735
2024-04-23,0.011893624576650774
2024-04-24,0.00021297196541225638
2024-04-25,-0.004586941901457475
2024-04-26,0.01015737351656032
2024-04-29,0.003173415687477643
2024-04-30,-0.015855554753445578
2024-05-01,-0.003441392364874174
2024-05-02,0.00908701340133744
2024-05-03,0.012478588608999086
2024-05-06,0.010273136069376854
2024-05-07,0.001342535819350621
2024-05-08,-5.782926295827551e-06
2024-05-09,0.005078002595891418
2024-05-10,0.001648021406346345
2024-05-13,-0.00024128455417193884
2024-05-14,0.004826100061719796
2024-05-15,0.011647879688046148
2024-05-16,-0.002083874307300171
2024-05-17,0.0011641104408193215
2024-05-20,0.0009159960683444712
2024-05-21,0.0024986983273904695
2024-05-22,-0.002709717683547108
2024-05-23,-0.007408176785645093
2024-05-24,0.006976578915071974
2024-05-27,0.0
2024-05-28,0.00024880404548022206
2024-05-29,-0.007394346936505647
2024-05-30,-0.0059929167225420965
2024-05-31,0.007995864911521933
2024-06-01,0.0
2024-06-03,0.0011154342969861286
2024-06-04,0.0015016920495654063
2024-06-05,0.01177802644805892
2024-06-06,-0.00019986943175642757
2024-06-07,-0.001115893180715144
2024-06-10,0.0025775665246063895
2024-06-11,0.002706754843457615
2024-06-12,0.00846772717188271
2024-06-13,0.0023418286723055903
2024-06-14,-0.00039391312700232106
2024-06-17,0.007635185920104259
2024-06-18,0.002518189767847012
2024-06-19,0.0
2024-06-20,-0.002529152276069091
2024-06-21,-0.0015633874377689594
2024-06-24,-0.0030698792218004645
2024-06-25,0.003925930900576358
2024-06-26,0.0015711783413412395
2024-06-27,0.0009068706560972917
2024-06-28,-0.004091988512145761
2024-07-01,0.00267201594293609
2024-07-02,0.006176219776783398
2024-07-03,0.0050715161981973456
2024-07-04,0.0
2024-07-05,0.0054339884131975325
2024-07-08,0.0010161544279962964
2024-07-09,0.0007408185037589554
2024-07-10,0.010156283642139385
2024-07-11,-0.008801629230176689
2024-07-12,0.005501853628776088
2024-07-15,0.0028221956620428923
2024-07-16,0.00636905366004159
2024-07-17,-0.014025410555022155
2024-07-18,-0.007847080469682632
2024-07-19,-0.0071659074070293816
2024-07-22,0.010734189165975128
2024-07-23,-0.0015593317997995015
2024-07-24,-0.02342117844388958
2024-07-25,-0.005155950404248433
2024-07-26,0.011029442312488813
2024-07-29,0.0008129903108684555
2024-07-30,-0.0049724964337358735
2024-07-31,0.015670005291918088
2024-08-01,-0.01378819143305332
2024-08-02,-0.01855288529460286
2024-08-05,-0.030427045496882243
2024-08-06,0.010300905557719675
2024-08-07,-0.007764756389251337
2024-08-08,0.022781128575607656
2024-08-09,0.004660780212150772
2024-08-12,4.303670751126809e-05
2024-08-13,0.016707226654933294
2024-08-14,0.0038164760676324683
2024-08-15,0.01600444401278578
2024-08-16,0.001987841126328327
2024-08-19,0.009675327436177827
2024-08-20,-0.0019865481747163294
2024-08-21,0.0042307182841845314
2024-08-22,-0.00897294942546445
2024-08-23,0.01141798620850265
2024-08-26,-0.0031587066155749355
2024-08-27,0.0015939320118754097
2024-08-28,-0.005993966945423201
2024-08-29,-3.934142455808143e-05
2024-08-30,0.010042467382856524
2024-09-01,0.0
2024-09-02,0.0
2024-09-03,-0.021378012454581485
2024-09-04,-0.0016037653903593352
2024-09-05,-0.0030226412501879185
2024-09-06,-0.017410901670867673
2024-09-09,0.011513555690021438
2024-09-10,0.004462660724489975
2024-09-11,0.010608580303038906
2024-09-12,0.007467372942030481
2024-09-13,0.005393096878371306
2024-09-16,0.0012558720767881226
2024-09-17,0.0002644734907366608
2024-09-18,-0.0029006031263851817
2024-09-19,0.016834291247586952
2024-09-20,-0.001942855451501746
2024-09-23,0.002805330914356974
2024-09-24,0.002507969702995494
2024-09-25,-0.0018629115860666623
2024-09-26,0.004030480802872383
2024-09-27,-0.0012539688882458044
2024-09-30,0.004227593432856169
2024-10-01,-0.00936785208383717
2024-10-02,0.00013837448536691
2024-10-03,-0.00168281153312555
2024-10-04,0.008930275984437852
2024-10-07,-0.00963228410742123
2024-10-08,0.009642716894192382
2024-10-09,0.007088203896394418
2024-10-10,-0.002072227971014584
2024-10-11,0.00603361186278506
2024-10-14,0.00767806096299406
2024-10-15,-0.0076385090687540735
2024-10-16,0.0046681557065759716
2024-10-17,-0.00017117513483322355
2024-10-18,0.003963737043124471
2024-10-21,-0.0018244427413087738
2024-10-22,-0.000475003383505479
2024-10-23,-0.009233777411953303
2024-10-24,0.0021434831869284743
2024-10-25,-0.00029953572187402244
2024-10-28,0.002647951449370689
2024-10-29,0.0016128426925638983
2024-10-30,-0.003305691628139096
2024-10-31,-0.01879018259951959
2024-11-01,0.004084226330236085
2024-11-04,-0.0028160686495113385
2024-11-05,0.01219106130274783
2024-11-06,0.02498123383889661
2024-11-07,0.007403744412989299
2024-11-08,0.003749803869799395
2024-11-11,0.0009685844338365168
2024-11-12,-0.0028968743715660494
2024-11-13,0.00023225951010763524
2024-11-14,-0.006068115029117749
2024-11-15,-0.013291463960568128
2024-11-18,0.003910159824107584
2024-11-19,0.00395577370526734
2024-11-20,2.197042611751243e-05
2024-11-21,0.005326235305174842
2024-11-22,0.003461979200410026
2024-11-25,0.0030158820722514523
2024-11-26,0.005705736188806432
2024-11-27,-0.00380853961537464
2024-11-28,0.0
2024-11-29,0.005592178893917943
2024-12-01,0.0
2024-12-02,0.002445460603305749
2024-12-03,0.0004513504631045162
2024-12-04,0.006033123750502245
2024-12-05,-0.0018714648272308843
2024-12-06,0.002492319655841957
2024-12-09,-0.006163180212196195
2024-12-10,-0.0029682940713746664
2024-12-11,0.008132661932885421
2024-12-12,-0.005428741091956679
2024-12-13,-2.644116757721804e-05
2024-12-16,0.0037921163249599044
2024-12-17,-0.003871444022763182
2024-12-18,-0.02993655450898758
2024-12-19,-0.0008654734577528966
2024-12-20,0.010810476252410606
2024-12-23,0.007260895475462492
2024-12-24,0.010982197273831984
2024-12-25,0.0
2024-12-26,-0.0004057087414677252
2024-12-27,-0.011117304675596129
2024-12-30,-0.010759690191101345
2024-12-31,-0.004293996454134419
2025-01-01,0.0
2025-01-02,-0.002226349792552984
2025-01-03,0.012517287272659106
2025-01-06,0.005522822262488791
2025-01-07,-0.01116600476981211
2025-01-08,0.0015591077352827831
2025-01-09,0.0
2025-01-10,-0.015531644353894203
2025-01-13,0.0015741742695762895
2025-01-14,0.0011456334044923633
2025-01-15,0.018147132985426806
2025-01-16,-0.002114871763466697
2025-01-17,0.009941425935724446
2025-01-20,0.0
2025-01-21,0.008729996752230962
2025-01-22,0.0061192005774426406
2025-01-23,0.005299445097723954
2025-01-24,-0.0028592607828965555
2025-01-27,-0.01468798488363432
2025-01-28,0.009175576254675688
2025-01-29,-0.004689853570094993
2025-01-30,0.0052615707224357156
2025-01-31,-0.0050595812914253635
2025-02-01,0.0
2025-02-03,-0.0076376969731191124
2025-02-04,0.0071988974883325785
2025-02-05,0.0039010377290886744
2025-02-06,0.003637700027498747
2025-02-07,-0.009509913482107724
2025-02-10,0.006690160848149773
2025-02-11,0.0003395154850025506
2025-02-12,-0.002727618689451372
2025-02-13,0.010372377459622495
2025-02-14,-7.195597605669235e-05
2025-02-17,0.0
2025-02-18,0.0024419717448793676
2025-02-19,0.0023741775065795334
2025-02-20,-0.004343623971148736
2025-02-21,-0.017211373991261825
2025-02-24,-0.004981513054855169
2025-02-25,-0.004690715138395474
2025-02-26,0.0001360051919139238
2025-02-27,-0.01599170285208884
2025-02-28,0.01572975043189695
2025-03-03,-0.01775343937549345
2025-03-04,-0.01231023460336611
2025-03-05,0.011097475685101
2025-03-06,-0.017979700568309998
2025-03-07,0.0055054046005091895
2025-03-10,-0.027343518375984477
2025-03-11,-0.0075966049356515075
2025-03-12,0.004874971275234508
2025-03-13,-0.013988405225353162
2025-03-14,0.021042919881408606
2025-03-17,0.006395603934347349
2025-03-18,-0.010710674253910035
2025-03-19,0.010740629118978884
2025-03-20,-0.002187300773803358
2025-03-21,0.000824327412317194
2025-03-24,0.01749215794460679
2025-03-25,0.0015730819184729405
2025-03-26,-0.01121969145510815
2025-03-27,0.00010853372696195684
